date,commodity,unit,min_price_npr,max_price_npr,avg_price_npr
2026-04-25,अदुवा,के.जी.,80.0,100.0,90.0
2026-04-25,आलु रातो(भारतीय),के जी,23.0,25.0,24.0
2026-04-25,आलु रातो(लाम्चो),के.जी.,20.0,25.0,22.5
2026-04-25,इमली,के.जी.,170.0,180.0,175.0
2026-04-25,काउली स्थानिय,के.जी.,30.0,40.0,35.0
2026-04-25,काक्रो(लोकल),के.जी.,30.0,50.0,40.0
2026-04-25,काक्रो(लोकलक्रस),के.जी.,50.0,60.0,55.0
2026-04-25,काक्रो(हाइब्रीड),के जी,20.0,30.0,25.0
2026-04-25,किवि,केजी,400.0,450.0,425.0
2026-04-25,कुरीलो,के.जी.,350.0,450.0,400.0
2026-04-25,कोइरालो,के.जी.,250.0,300.0,275.0
2026-04-25,खुर्सानी हरियो(अकबरे),के जी,400.0,500.0,450.0
2026-04-25,खुर्सानी हरियो(बुलेट),के जी,50.0,70.0,60.0
2026-04-25,खुर्सानी हरियो(माछे),के जी,70.0,80.0,75.0
2026-04-25,खुर्सानी हरियो(लाम्चो),के जी,80.0,100.0,90.0
2026-04-25,खु्र्सानी सुकेको,के.जी.,400.0,450.0,425.0
2026-04-25,गाजर(तराई),केजी,20.0,30.0,25.0
2026-04-25,गाजर(लोकल),के.जी.,45.0,55.0,50.0
2026-04-25,गान्टे मूला,के.जी.,40.0,50.0,45.0
2026-04-25,गुन्दुक,के.जी.,220.0,250.0,235.0
2026-04-25,गोलभेडा ठूलो(भारतीय),केजी,75.0,80.0,77.5
2026-04-25,गोलभेडा सानो(तराई),के जी,50.0,60.0,55.0
2026-04-25,गोलभेडा सानो(भारतीय),के जी,45.0,55.0,50.0
2026-04-25,गोलभेडा सानो(लोकल),के.जी.,45.0,52.0,48.5
2026-04-25,ग्याठ कोबी,के.जी.,40.0,50.0,45.0
2026-04-25,घिउ सिमी(राजमा),केजी,100.0,110.0,105.0
2026-04-25,घिउ सिमी(लोकल),के.जी.,10.0,30.0,23.75
2026-04-25,घिउ सिमी(हाइब्रीड),केजी,25.0,35.0,30.0
2026-04-25,घिरौला,के.जी.,30.0,40.0,35.0
2026-04-25,चमसूरको साग,के.जी.,70.0,80.0,75.0
2026-04-25,चिचिण्डो,के.जी.,40.0,50.0,45.0
2026-04-25,चुकुन्दर,के.जी.,40.0,50.0,45.0
2026-04-25,च्याउ(कन्य),के.जी.,220.0,250.0,235.0
2026-04-25,च्याउ(डल्ले),के जी,350.0,400.0,375.0
2026-04-25,छ्यापी सुकेको,के.जी.,100.0,120.0,110.0
2026-04-25,छ्यापी हरियो,के.जी.,80.0,90.0,85.0
2026-04-25,जिरीको साग,के.जी.,70.0,80.0,75.0
2026-04-25,टाटे सिमी,के.जी.,120.0,130.0,125.0
2026-04-25,तामा,के.जी.,130.0,150.0,140.0
2026-04-25,तितो करेला,के.जी.,50.0,70.0,60.0
2026-04-25,तोफु,के.जी.,130.0,150.0,140.0
2026-04-25,तोरीको साग,के.जी.,30.0,40.0,35.0
2026-04-25,नासपाती(चाइनिज),केजी,230.0,250.0,240.0
2026-04-25,न्यूरो,के.जी.,70.0,80.0,75.0
2026-04-25,परवर(तराई),केजी,70.0,80.0,75.0
2026-04-25,परवर(लोकल),के.जी.,70.0,80.0,75.0
2026-04-25,पार्सले,के.जी.,170.0,190.0,180.0
2026-04-25,पालूगो साग,के.जी.,90.0,100.0,95.0
2026-04-25,पिंडालू,के.जी.,40.0,50.0,45.0
2026-04-25,पुदीना,के.जी.,90.0,100.0,95.0
2026-04-25,प्याज सुकेको (भारतीय),के.जी.,33.0,36.0,34.5
2026-04-25,प्याज हरियो,के.जी.,50.0,70.0,60.0
2026-04-25,फर्सी पाकेको,के.जी.,55.0,60.0,57.5
2026-04-25,फर्सी हरियो(लाम्चो),के.जी.,15.0,25.0,20.0
2026-04-25,बकूला,के.जी.,40.0,60.0,50.0
2026-04-25,बन्दा(तराई),केजी,30.0,35.0,32.5
2026-04-25,बन्दा(लोकल),के.जी.,40.0,50.0,45.0
2026-04-25,बरेला,के.जी.,55.0,65.0,60.0
2026-04-25,बोडी(तने),के.जी.,30.0,50.0,38.75
2026-04-25,ब्रोकाउली,के.जी.,50.0,60.0,55.0
2026-04-25,भटमासकोशा,के.जी.,120.0,160.0,140.0
2026-04-25,भन्टा डल्लो,के.जी.,50.0,60.0,55.0
2026-04-25,भन्टा लाम्चो,के.जी.,40.0,50.0,45.0
2026-04-25,भिण्डी,के.जी.,60.0,80.0,70.0
2026-04-25,भेडे खु्र्सानी,के.जी.,90.0,100.0,95.0
2026-04-25,मटरकोशा,के.जी.,60.0,70.0,65.0
2026-04-25,मेथीको साग,के.जी.,70.0,80.0,75.0
2026-04-25,राजा च्याउ,के.जी.,280.0,300.0,290.0
2026-04-25,रातो बन्दा,के.जी.,40.0,50.0,45.0
2026-04-25,रायो साग,के.जी.,30.0,60.0,42.5
2026-04-25,लसुन सुकेको चाइनिज,के.जी.,190.0,200.0,195.0
2026-04-25,लसुन सुकेको नेपाली,के.जी.,100.0,130.0,115.0
2026-04-25,लसुन हरियो,के.जी.,180.0,200.0,190.0
2026-04-25,लौका,के.जी.,10.0,20.0,15.0
2026-04-25,सखरखण्ड,के.जी.,60.0,70.0,65.0
2026-04-25,सिताके च्याउ,के.जी.,800.0,1000.0,900.0
2026-04-25,सेतो मूला(हाइब्रीड),केजी,20.0,30.0,25.0
2026-04-25,सेलरी,के.जी.,160.0,180.0,170.0
2026-04-25,सौफको साग,के.जी.,70.0,80.0,75.0
2026-04-25,स्कूस,के.जी.,50.0,60.0,55.0
2026-04-25,स्थानीय काउली(ज्यापु),केजी,35.0,45.0,40.0
2026-04-25,हरियो धनिया,के.जी.,50.0,80.0,65.0
2026-04-25,हरियो फर्सी(डल्लो),केजी,20.0,30.0,23.75
2026-04-26,अदुवा,के.जी.,80.0,100.0,90.0
2026-04-26,आलु रातो(भारतीय),के जी,22.0,24.0,23.0
2026-04-26,आलु रातो(लाम्चो),के.जी.,20.0,25.0,22.5
2026-04-26,इमली,के.जी.,170.0,180.0,175.0
2026-04-26,काउली स्थानिय,के.जी.,20.0,30.0,24.17
2026-04-26,काक्रो(लोकल),के.जी.,40.0,50.0,43.33
2026-04-26,काक्रो(लोकलक्रस),के.जी.,50.0,60.0,55.0
2026-04-26,काक्रो(हाइब्रीड),के जी,20.0,25.0,21.67
2026-04-26,किवि,केजी,400.0,450.0,425.0
2026-04-26,कुरीलो,के.जी.,400.0,500.0,450.0
2026-04-26,कोइरालो,के.जी.,250.0,300.0,275.0
2026-04-26,खुर्सानी हरियो(अकबरे),के जी,400.0,500.0,450.0
2026-04-26,खुर्सानी हरियो(बुलेट),के जी,50.0,60.0,55.0
2026-04-26,खुर्सानी हरियो(माछे),के जी,50.0,60.0,55.0
2026-04-26,खुर्सानी हरियो(लाम्चो),के जी,70.0,80.0,75.0
2026-04-26,खु्र्सानी सुकेको,के.जी.,400.0,450.0,425.0
2026-04-26,गाजर(तराई),केजी,16.0,30.0,23.0
2026-04-26,गाजर(लोकल),के.जी.,40.0,60.0,50.0
2026-04-26,गान्टे मूला,के.जी.,40.0,50.0,45.0
2026-04-26,गुन्दुक,के.जी.,250.0,280.0,265.0
2026-04-26,गोलभेडा ठूलो(भारतीय),केजी,90.0,100.0,95.0
2026-04-26,गोलभेडा सानो(तराई),के जी,50.0,60.0,55.0
2026-04-26,गोलभेडा सानो(भारतीय),के जी,50.0,60.0,56.25
2026-04-26,गोलभेडा सानो(लोकल),के.जी.,55.0,65.0,59.0
2026-04-26,ग्याठ कोबी,के.जी.,40.0,50.0,45.0
2026-04-26,घिउ सिमी(राजमा),केजी,90.0,100.0,95.0
2026-04-26,घिउ सिमी(लोकल),के.जी.,15.0,30.0,22.5
2026-04-26,घिउ सिमी(हाइब्रीड),केजी,25.0,35.0,30.0
2026-04-26,घिरौला,के.जी.,25.0,35.0,31.25
2026-04-26,चमसूरको साग,के.जी.,60.0,70.0,65.0
2026-04-26,चिचिण्डो,के.जी.,30.0,40.0,35.0
2026-04-26,चुकुन्दर,के.जी.,50.0,70.0,60.0
2026-04-26,च्याउ(कन्य),के.जी.,220.0,250.0,235.0
2026-04-26,च्याउ(डल्ले),के जी,400.0,450.0,425.0
2026-04-26,छ्यापी सुकेको,के.जी.,100.0,120.0,110.0
2026-04-26,छ्यापी हरियो,के.जी.,80.0,90.0,85.0
2026-04-26,जिरीको साग,के.जी.,70.0,80.0,75.0
2026-04-26,टाटे सिमी,के.जी.,120.0,130.0,125.0
2026-04-26,तामा,के.जी.,120.0,140.0,130.0
2026-04-26,तितो करेला,के.जी.,40.0,60.0,48.0
2026-04-26,तोफु,के.जी.,130.0,150.0,140.0
2026-04-26,तोरीको साग,के.जी.,35.0,40.0,37.5
2026-04-26,नासपाती(चाइनिज),केजी,230.0,250.0,240.0
2026-04-26,न्यूरो,के.जी.,70.0,80.0,75.0
2026-04-26,परवर(तराई),केजी,60.0,70.0,65.0
2026-04-26,परवर(लोकल),के.जी.,50.0,60.0,55.0
2026-04-26,पार्सले,के.जी.,170.0,190.0,180.0
2026-04-26,पालूगो साग,के.जी.,70.0,80.0,75.0
2026-04-26,पिंडालू,के.जी.,45.0,55.0,50.0
2026-04-26,पुदीना,के.जी.,90.0,100.0,95.0
2026-04-26,प्याज सुकेको (भारतीय),के.जी.,34.0,36.0,35.0
2026-04-26,प्याज हरियो,के.जी.,100.0,120.0,110.0
2026-04-26,फर्सी पाकेको,के.जी.,55.0,60.0,57.5
2026-04-26,फर्सी हरियो(लाम्चो),के.जी.,15.0,25.0,20.0
2026-04-26,बकूला,के.जी.,40.0,60.0,50.0
2026-04-26,बन्दा(तराई),केजी,25.0,35.0,30.0
2026-04-26,बन्दा(लोकल),के.जी.,35.0,45.0,40.0
2026-04-26,बरेला,के.जी.,50.0,60.0,55.0
2026-04-26,बोडी(तने),के.जी.,20.0,40.0,28.33
2026-04-26,ब्रोकाउली,के.जी.,70.0,90.0,80.0
2026-04-26,भटमासकोशा,के.जी.,120.0,140.0,130.0
2026-04-26,भन्टा डल्लो,के.जी.,50.0,60.0,55.0
2026-04-26,भन्टा लाम्चो,के.जी.,40.0,50.0,45.0
2026-04-26,भिण्डी,के.जी.,50.0,80.0,62.5
2026-04-26,भेडे खु्र्सानी,के.जी.,100.0,120.0,110.0
2026-04-26,मटरकोशा,के.जी.,45.0,55.0,50.0
2026-04-26,मूला सेतो(लोकल),के.जी.,15.0,20.0,17.5
2026-04-26,मेथीको साग,के.जी.,60.0,70.0,65.0
2026-04-26,राजा च्याउ,के.जी.,280.0,300.0,290.0
2026-04-26,रातो बन्दा,के.जी.,40.0,50.0,45.0
2026-04-26,रायो साग,के.जी.,30.0,55.0,41.25
2026-04-26,लसुन सुकेको चाइनिज,के.जी.,190.0,200.0,195.0
2026-04-26,लसुन सुकेको नेपाली,के.जी.,95.0,130.0,108.75
2026-04-26,लसुन हरियो,के.जी.,180.0,200.0,190.0
2026-04-26,लौका,के.जी.,15.0,25.0,18.75
2026-04-26,सखरखण्ड,के.जी.,65.0,75.0,70.0
2026-04-26,सिताके च्याउ,के.जी.,800.0,1000.0,900.0
2026-04-26,सेतो मूला(हाइब्रीड),केजी,20.0,30.0,25.0
2026-04-26,सेलरी,के.जी.,160.0,180.0,170.0
2026-04-26,सौफको साग,के.जी.,70.0,80.0,75.0
2026-04-26,स्कूस,के.जी.,50.0,60.0,53.75
2026-04-26,हरियो धनिया,के.जी.,50.0,70.0,60.0
2026-04-26,हरियो फर्सी(डल्लो),केजी,12.0,25.0,17.0
2026-04-27,अदुवा,के.जी.,80.0,100.0,90.0
2026-04-27,आलु रातो(भारतीय),के जी,22.0,24.0,23.0
2026-04-27,आलु रातो(लाम्चो),के.जी.,20.0,25.0,22.5
2026-04-27,इमली,के.जी.,170.0,180.0,175.0
2026-04-27,काउली स्थानिय,के.जी.,15.0,30.0,23.75
2026-04-27,काक्रो(लोकल),के.जी.,40.0,55.0,47.5
2026-04-27,काक्रो(लोकलक्रस),के.जी.,50.0,70.0,60.0
2026-04-27,काक्रो(हाइब्रीड),के जी,20.0,30.0,25.0
2026-04-27,किवि,केजी,400.0,450.0,425.0
2026-04-27,कुरीलो,के.जी.,400.0,500.0,450.0
2026-04-27,कोइरालो,के.जी.,250.0,300.0,275.0
2026-04-27,खुर्सानी हरियो(अकबरे),के जी,400.0,500.0,450.0
2026-04-27,खुर्सानी हरियो(बुलेट),के जी,50.0,60.0,55.0
2026-04-27,खुर्सानी हरियो(माछे),के जी,50.0,70.0,58.75
2026-04-27,खुर्सानी हरियो(लाम्चो),के जी,70.0,80.0,75.0
2026-04-27,खु्र्सानी सुकेको,के.जी.,400.0,450.0,425.0
2026-04-27,गाजर(तराई),केजी,16.0,30.0,23.0
2026-04-27,गाजर(लोकल),के.जी.,45.0,60.0,52.5
2026-04-27,गान्टे मूला,के.जी.,40.0,50.0,45.0
2026-04-27,गुन्दुक,के.जी.,250.0,300.0,275.0
2026-04-27,गोलभेडा ठूलो(भारतीय),केजी,100.0,110.0,105.0
2026-04-27,गोलभेडा सानो(तराई),के जी,52.0,60.0,56.33
2026-04-27,गोलभेडा सानो(भारतीय),के जी,54.0,63.0,58.5
2026-04-27,गोलभेडा सानो(लोकल),के.जी.,55.0,65.0,59.5
2026-04-27,ग्याठ कोबी,के.जी.,40.0,50.0,45.0
2026-04-27,घिउ सिमी(राजमा),केजी,90.0,110.0,100.0
2026-04-27,घिउ सिमी(लोकल),के.जी.,15.0,30.0,22.5
2026-04-27,घिउ सिमी(हाइब्रीड),केजी,25.0,35.0,30.0
2026-04-27,घिरौला,के.जी.,25.0,35.0,30.0
2026-04-27,चमसूरको साग,के.जी.,60.0,70.0,65.0
2026-04-27,चिचिण्डो,के.जी.,30.0,40.0,35.0
2026-04-27,चुकुन्दर,के.जी.,50.0,70.0,62.5
2026-04-27,च्याउ(कन्य),के.जी.,200.0,220.0,210.0
2026-04-27,च्याउ(डल्ले),के जी,400.0,450.0,425.0
2026-04-27,जिरीको साग,के.जी.,80.0,100.0,90.0
2026-04-27,टाटे सिमी,के.जी.,120.0,130.0,125.0
2026-04-27,तामा,के.जी.,140.0,160.0,150.0
2026-04-27,तितो करेला,के.जी.,40.0,60.0,50.0
2026-04-27,तोफु,के.जी.,130.0,150.0,140.0
2026-04-27,तोरीको साग,के.जी.,35.0,40.0,37.5
2026-04-27,नासपाती(चाइनिज),केजी,230.0,250.0,240.0
2026-04-27,न्यूरो,के.जी.,70.0,80.0,75.0
2026-04-27,परवर(तराई),केजी,60.0,70.0,65.0
2026-04-27,परवर(लोकल),के.जी.,60.0,70.0,65.0
2026-04-27,पार्सले,के.जी.,180.0,200.0,190.0
2026-04-27,पालूगो साग,के.जी.,70.0,80.0,75.0
2026-04-27,पिंडालू,के.जी.,45.0,55.0,50.0
2026-04-27,पुदीना,के.जी.,100.0,110.0,105.0
2026-04-27,प्याज सुकेको (भारतीय),के.जी.,34.0,36.0,35.0
2026-04-27,प्याज हरियो,के.जी.,120.0,150.0,135.0
2026-04-27,फर्सी पाकेको,के.जी.,55.0,60.0,57.5
2026-04-27,फर्सी हरियो(लाम्चो),के.जी.,15.0,25.0,20.0
2026-04-27,बकूला,के.जी.,40.0,60.0,50.0
2026-04-27,बन्दा(तराई),केजी,25.0,35.0,30.0
2026-04-27,बन्दा(लोकल),के.जी.,35.0,50.0,42.5
2026-04-27,बरेला,के.जी.,50.0,60.0,55.0
2026-04-27,बोडी(तने),के.जी.,20.0,40.0,30.0
2026-04-27,ब्रोकाउली,के.जी.,60.0,90.0,75.0
2026-04-27,भटमासकोशा,के.जी.,120.0,140.0,130.0
2026-04-27,भन्टा डल्लो,के.जी.,50.0,60.0,55.0
2026-04-27,भन्टा लाम्चो,के.जी.,40.0,50.0,45.0
2026-04-27,भिण्डी,के.जी.,45.0,60.0,51.25
2026-04-27,भेडे खु्र्सानी,के.जी.,90.0,110.0,100.0
2026-04-27,मटरकोशा,के.जी.,45.0,55.0,50.0
2026-04-27,मूला सेतो(लोकल),के.जी.,15.0,20.0,17.5
2026-04-27,मेथीको साग,के.जी.,60.0,70.0,65.0
2026-04-27,राजा च्याउ,के.जी.,280.0,300.0,290.0
2026-04-27,रातो बन्दा,के.जी.,40.0,50.0,45.0
2026-04-27,रायो साग,के.जी.,40.0,60.0,50.0
2026-04-27,लसुन सुकेको चाइनिज,के.जी.,190.0,200.0,195.0
2026-04-27,लसुन सुकेको नेपाली,के.जी.,100.0,120.0,110.0
2026-04-27,लसुन हरियो,के.जी.,140.0,160.0,150.0
2026-04-27,लौका,के.जी.,15.0,25.0,20.0
2026-04-27,सखरखण्ड,के.जी.,65.0,75.0,70.0
2026-04-27,सजिवन,के.जी.,100.0,120.0,110.0
2026-04-27,सिताके च्याउ,के.जी.,800.0,1000.0,900.0
2026-04-27,सेतो मूला(हाइब्रीड),केजी,20.0,25.0,22.5
2026-04-27,सेलरी,के.जी.,160.0,180.0,170.0
2026-04-27,सौफको साग,के.जी.,70.0,80.0,75.0
2026-04-27,स्कूस,के.जी.,50.0,60.0,55.0
2026-04-27,हरियो फर्सी(डल्लो),केजी,15.0,25.0,20.0
2026-04-28,अदुवा,के.जी.,80.0,100.0,90.0
2026-04-28,आलु रातो(भारतीय),के जी,22.0,24.0,23.0
2026-04-28,आलु रातो(लाम्चो),के.जी.,20.0,25.0,22.5
2026-04-28,इमली,के.जी.,170.0,180.0,175.0
2026-04-28,काउली स्थानिय,के.जी.,20.0,35.0,26.43
2026-04-28,काक्रो(लोकल),के.जी.,40.0,50.0,46.25
2026-04-28,काक्रो(लोकलक्रस),के.जी.,50.0,60.0,55.0
2026-04-28,किवि,केजी,400.0,450.0,425.0
2026-04-28,कुरीलो,के.जी.,400.0,500.0,437.5
2026-04-28,कोइरालो,के.जी.,270.0,300.0,285.0
2026-04-28,खुर्सानी हरियो(अकबरे),के जी,400.0,500.0,450.0
2026-04-28,खुर्सानी हरियो(बुलेट),के जी,50.0,60.0,55.0
2026-04-28,खुर्सानी हरियो(माछे),के जी,50.0,60.0,55.0
2026-04-28,खुर्सानी हरियो(लाम्चो),के जी,70.0,80.0,75.0
2026-04-28,खु्र्सानी सुकेको,के.जी.,400.0,450.0,425.0
2026-04-28,गाजर(तराई),केजी,20.0,30.0,25.0
2026-04-28,गाजर(लोकल),के.जी.,45.0,60.0,52.5
2026-04-28,गान्टे मूला,के.जी.,40.0,50.0,45.0
2026-04-28,गुन्दुक,के.जी.,250.0,300.0,275.0
2026-04-28,गोलभेडा ठूलो(नेपाली),के.जी.,60.0,70.0,65.0
2026-04-28,गोलभेडा ठूलो(भारतीय),केजी,100.0,110.0,105.0
2026-04-28,गोलभेडा सानो(तराई),के जी,55.0,65.0,60.0
2026-04-28,गोलभेडा सानो(भारतीय),के जी,55.0,64.0,59.25
2026-04-28,गोलभेडा सानो(लोकल),के.जी.,60.0,70.0,63.75
2026-04-28,ग्याठ कोबी,के.जी.,40.0,50.0,45.0
2026-04-28,घिउ सिमी(राजमा),केजी,90.0,110.0,100.0
2026-04-28,घिउ सिमी(लोकल),के.जी.,15.0,30.0,22.5
2026-04-28,घिउ सिमी(हाइब्रीड),केजी,25.0,35.0,30.0
2026-04-28,घिरौला,के.जी.,30.0,50.0,38.0
2026-04-28,चमसूरको साग,के.जी.,70.0,80.0,75.0
2026-04-28,चिचिण्डो,के.जी.,30.0,40.0,35.0
2026-04-28,चुकुन्दर,के.जी.,60.0,70.0,65.0
2026-04-28,च्याउ(कन्य),के.जी.,180.0,200.0,190.0
2026-04-28,च्याउ(डल्ले),के जी,400.0,450.0,425.0
2026-04-28,जिरीको साग,के.जी.,80.0,90.0,85.0
2026-04-28,टाटे सिमी,के.जी.,120.0,130.0,125.0
2026-04-28,तरुल,के.जी.,80.0,100.0,90.0
2026-04-28,तामा,के.जी.,140.0,160.0,150.0
2026-04-28,तितो करेला,के.जी.,30.0,50.0,40.0
2026-04-28,तोफु,के.जी.,130.0,150.0,140.0
2026-04-28,तोरीको साग,के.जी.,25.0,35.0,30.0
2026-04-28,नासपाती(चाइनिज),केजी,230.0,250.0,240.0
2026-04-28,न्यूरो,के.जी.,70.0,80.0,75.0
2026-04-28,परवर(तराई),केजी,50.0,60.0,55.0
2026-04-28,परवर(लोकल),के.जी.,50.0,60.0,55.0
2026-04-28,पार्सले,के.जी.,180.0,200.0,190.0
2026-04-28,पालूगो साग,के.जी.,70.0,80.0,75.0
2026-04-28,पिंडालू,के.जी.,40.0,50.0,45.0
2026-04-28,पुदीना,के.जी.,100.0,110.0,105.0
2026-04-28,प्याज सुकेको (भारतीय),के.जी.,35.0,36.0,35.5
2026-04-28,प्याज हरियो,के.जी.,80.0,120.0,98.33
2026-04-28,फर्सी पाकेको,के.जी.,55.0,60.0,57.5
2026-04-28,फर्सी हरियो(लाम्चो),के.जी.,15.0,25.0,20.0
2026-04-28,बन्दा(तराई),केजी,30.0,35.0,32.5
2026-04-28,बन्दा(लोकल),के.जी.,35.0,45.0,40.0
2026-04-28,बोडी(तने),के.जी.,20.0,40.0,30.0
2026-04-28,ब्रोकाउली,के.जी.,50.0,80.0,68.0
2026-04-28,भटमासकोशा,के.जी.,140.0,180.0,157.5
2026-04-28,भन्टा डल्लो,के.जी.,40.0,50.0,45.0
2026-04-28,भन्टा लाम्चो,के.जी.,30.0,40.0,35.0
2026-04-28,भिण्डी,के.जी.,50.0,60.0,53.33
2026-04-28,भेडे खु्र्सानी,के.जी.,70.0,90.0,81.67
2026-04-28,मटरकोशा,के.जी.,40.0,50.0,45.0
2026-04-28,मूला सेतो(लोकल),के.जी.,15.0,20.0,17.5
2026-04-28,मेथीको साग,के.जी.,70.0,80.0,75.0
2026-04-28,राजा च्याउ,के.जी.,280.0,300.0,290.0
2026-04-28,रातो बन्दा,के.जी.,40.0,50.0,45.0
2026-04-28,रायो साग,के.जी.,30.0,50.0,40.0
2026-04-28,लसुन सुकेको चाइनिज,के.जी.,190.0,200.0,195.0
2026-04-28,लसुन सुकेको नेपाली,के.जी.,100.0,120.0,110.0
2026-04-28,लसुन हरियो,के.जी.,130.0,150.0,142.5
2026-04-28,लौका,के.जी.,15.0,25.0,20.0
2026-04-28,सखरखण्ड,के.जी.,70.0,80.0,75.0
2026-04-28,सजिवन,के.जी.,100.0,120.0,110.0
2026-04-28,सिताके च्याउ,के.जी.,800.0,1000.0,900.0
2026-04-28,सेतो मूला(हाइब्रीड),केजी,15.0,30.0,21.25
2026-04-28,सेलरी,के.जी.,160.0,180.0,170.0
2026-04-28,सौफको साग,के.जी.,70.0,80.0,75.0
2026-04-28,स्कूस,के.जी.,60.0,70.0,65.0
2026-04-28,स्थानीय काउली(ज्यापु),केजी,30.0,40.0,35.0
2026-04-28,हरियो धनिया,के.जी.,50.0,80.0,65.0
2026-04-28,हरियो फर्सी(डल्लो),केजी,15.0,25.0,21.25
2026-04-29,अदुवा,के.जी.,80.0,100.0,90.0
2026-04-29,आलु रातो(भारतीय),के जी,22.0,24.0,23.0
2026-04-29,आलु रातो(लाम्चो),के.जी.,22.0,27.0,25.0
2026-04-29,इमली,के.जी.,170.0,180.0,175.0
2026-04-29,काउली स्थानिय,के.जी.,20.0,30.0,25.0
2026-04-29,काक्रो(लोकल),के.जी.,35.0,50.0,42.5
2026-04-29,काक्रो(लोकलक्रस),के.जी.,50.0,60.0,55.0
2026-04-29,काक्रो(हाइब्रीड),के जी,15.0,25.0,20.0
2026-04-29,किवि,केजी,400.0,450.0,425.0
2026-04-29,कुरीलो,के.जी.,400.0,500.0,450.0
2026-04-29,कोइरालो,के.जी.,270.0,300.0,285.0
2026-04-29,खुर्सानी हरियो(बुलेट),के जी,50.0,60.0,55.0
2026-04-29,खुर्सानी हरियो(माछे),के जी,50.0,60.0,55.0
2026-04-29,खुर्सानी हरियो(लाम्चो),के जी,50.0,80.0,68.33
2026-04-29,खु्र्सानी सुकेको,के.जी.,400.0,450.0,425.0
2026-04-29,गाजर(तराई),केजी,20.0,30.0,25.0
2026-04-29,गाजर(लोकल),के.जी.,40.0,60.0,50.0
2026-04-29,गान्टे मूला,के.जी.,40.0,50.0,45.0
2026-04-29,गुन्दुक,के.जी.,250.0,300.0,275.0
2026-04-29,गोलभेडा ठूलो(भारतीय),केजी,90.0,110.0,100.0
2026-04-29,गोलभेडा सानो(तराई),के जी,50.0,60.0,55.0
2026-04-29,गोलभेडा सानो(भारतीय),के जी,50.0,60.0,55.0
2026-04-29,गोलभेडा सानो(लोकल),के.जी.,60.0,70.0,65.0
2026-04-29,ग्याठ कोबी,के.जी.,40.0,50.0,45.0
2026-04-29,घिउ सिमी(राजमा),केजी,70.0,90.0,80.0
2026-04-29,घिउ सिमी(लोकल),के.जी.,15.0,30.0,22.5
2026-04-29,घिउ सिमी(हाइब्रीड),केजी,25.0,35.0,30.0
2026-04-29,घिरौला,के.जी.,25.0,35.0,30.0
2026-04-29,चमसूरको साग,के.जी.,60.0,70.0,65.0
2026-04-29,चिचिण्डो,के.जी.,25.0,30.0,27.5
2026-04-29,च्याउ(कन्य),के.जी.,180.0,200.0,190.0
2026-04-29,च्याउ(डल्ले),के जी,400.0,450.0,425.0
2026-04-29,जिरीको साग,के.जी.,80.0,90.0,85.0
2026-04-29,टाटे सिमी,के.जी.,100.0,110.0,105.0
2026-04-29,तरुल,के.जी.,80.0,100.0,90.0
2026-04-29,तामा,के.जी.,140.0,160.0,150.0
2026-04-29,तितो करेला,के.जी.,20.0,40.0,29.17
2026-04-29,तोफु,के.जी.,130.0,150.0,140.0
2026-04-29,तोरीको साग,के.जी.,20.0,30.0,25.0
2026-04-29,नासपाती(चाइनिज),केजी,230.0,250.0,240.0
2026-04-29,न्यूरो,के.जी.,70.0,80.0,75.0
2026-04-29,परवर(तराई),केजी,60.0,70.0,65.0
2026-04-29,परवर(लोकल),के.जी.,60.0,70.0,65.0
2026-04-29,पार्सले,के.जी.,250.0,300.0,275.0
2026-04-29,पालूगो साग,के.जी.,60.0,70.0,65.0
2026-04-29,पिंडालू,के.जी.,40.0,50.0,45.0
2026-04-29,पुदीना,के.जी.,100.0,110.0,105.0
2026-04-29,प्याज सुकेको (भारतीय),के.जी.,35.0,37.0,36.0
2026-04-29,प्याज हरियो,के.जी.,60.0,80.0,72.5
2026-04-29,फर्सी पाकेको,के.जी.,55.0,60.0,57.5
2026-04-29,फर्सी हरियो(लाम्चो),के.जी.,15.0,25.0,20.0
2026-04-29,बन्दा(तराई),केजी,20.0,35.0,27.5
2026-04-29,बन्दा(लोकल),के.जी.,30.0,40.0,35.0
2026-04-29,बरेला,के.जी.,60.0,70.0,65.0
2026-04-29,बोडी(तने),के.जी.,50.0,70.0,60.0
2026-04-29,ब्रोकाउली,के.जी.,50.0,80.0,65.0
2026-04-29,भटमासकोशा,के.जी.,150.0,180.0,165.0
2026-04-29,भन्टा डल्लो,के.जी.,40.0,50.0,45.0
2026-04-29,भन्टा लाम्चो,के.जी.,30.0,40.0,35.0
2026-04-29,भिण्डी,के.जी.,40.0,60.0,50.0
2026-04-29,भेडे खु्र्सानी,के.जी.,70.0,90.0,77.5
2026-04-29,मटरकोशा,के.जी.,30.0,50.0,40.0
2026-04-29,मेथीको साग,के.जी.,60.0,70.0,65.0
2026-04-29,राजा च्याउ,के.जी.,280.0,300.0,290.0
2026-04-29,रातो बन्दा,के.जी.,40.0,50.0,45.0
2026-04-29,रायो साग,के.जी.,30.0,50.0,43.33
2026-04-29,लसुन सुकेको चाइनिज,के.जी.,190.0,200.0,195.0
2026-04-29,लसुन सुकेको नेपाली,के.जी.,100.0,120.0,110.0
2026-04-29,लसुन हरियो,के.जी.,130.0,150.0,140.0
2026-04-29,लौका,के.जी.,15.0,30.0,23.75
2026-04-29,सखरखण्ड,के.जी.,70.0,80.0,75.0
2026-04-29,सजिवन,के.जी.,100.0,120.0,110.0
2026-04-29,सिताके च्याउ,के.जी.,800.0,1000.0,900.0
2026-04-29,सेतो मूला(हाइब्रीड),केजी,15.0,25.0,20.0
2026-04-29,सेलरी,के.जी.,140.0,160.0,153.33
2026-04-29,सौफको साग,के.जी.,70.0,80.0,75.0
2026-04-29,स्कूस,के.जी.,55.0,65.0,60.0
2026-04-29,स्थानीय काउली(ज्यापु),केजी,30.0,40.0,35.0
2026-04-29,हरियो धनिया,के.जी.,50.0,70.0,57.5
2026-04-29,हरियो फर्सी(डल्लो),केजी,15.0,25.0,21.25
2026-04-30,अदुवा,के.जी.,80.0,100.0,90.0
2026-04-30,आलु रातो(भारतीय),के जी,22.0,23.0,22.5
2026-04-30,आलु रातो(लाम्चो),के.जी.,22.0,27.0,24.83
2026-04-30,इमली,के.जी.,170.0,180.0,175.0
2026-04-30,काउली स्थानिय,के.जी.,15.0,30.0,21.25
2026-04-30,काक्रो(लोकल),के.जी.,35.0,50.0,44.17
2026-04-30,काक्रो(लोकलक्रस),के.जी.,50.0,60.0,55.0
2026-04-30,काक्रो(हाइब्रीड),के जी,15.0,25.0,20.0
2026-04-30,किवि,केजी,400.0,450.0,425.0
2026-04-30,कुरीलो,के.जी.,400.0,500.0,450.0
2026-04-30,कोइरालो,के.जी.,280.0,300.0,290.0
2026-04-30,खुर्सानी हरियो(अकबरे),के जी,500.0,600.0,550.0
2026-04-30,खुर्सानी हरियो(बुलेट),के जी,40.0,50.0,45.0
2026-04-30,खुर्सानी हरियो(माछे),के जी,40.0,55.0,46.25
2026-04-30,खुर्सानी हरियो(लाम्चो),के जी,60.0,80.0,70.0
2026-04-30,खु्र्सानी सुकेको,के.जी.,380.0,450.0,415.0
2026-04-30,गाजर(तराई),केजी,20.0,30.0,25.0
2026-04-30,गाजर(लोकल),के.जी.,40.0,50.0,45.0
2026-04-30,गान्टे मूला,के.जी.,40.0,50.0,45.0
2026-04-30,गुन्दुक,के.जी.,250.0,300.0,275.0
2026-04-30,गोलभेडा ठूलो(भारतीय),केजी,90.0,100.0,95.0
2026-04-30,गोलभेडा सानो(तराई),के जी,40.0,52.0,46.17
2026-04-30,गोलभेडा सानो(भारतीय),के जी,40.0,50.0,45.0
2026-04-30,गोलभेडा सानो(लोकल),के.जी.,50.0,60.0,55.0
2026-04-30,ग्याठ कोबी,के.जी.,40.0,50.0,45.0
2026-04-30,घिउ सिमी(राजमा),केजी,90.0,100.0,95.0
2026-04-30,घिउ सिमी(लोकल),के.जी.,15.0,30.0,25.0
2026-04-30,घिउ सिमी(हाइब्रीड),केजी,25.0,35.0,30.0
2026-04-30,घिरौला,के.जी.,30.0,40.0,35.0
2026-04-30,चमसूरको साग,के.जी.,60.0,70.0,65.0
2026-04-30,चिचिण्डो,के.जी.,20.0,30.0,26.25
2026-04-30,चुकुन्दर,के.जी.,55.0,70.0,63.75
2026-04-30,च्याउ(कन्य),के.जी.,180.0,200.0,190.0
2026-04-30,च्याउ(डल्ले),के जी,400.0,450.0,425.0
2026-04-30,जिरीको साग,के.जी.,70.0,80.0,75.0
2026-04-30,टाटे सिमी,के.जी.,100.0,120.0,110.0
2026-04-30,तरुल,के.जी.,80.0,100.0,90.0
2026-04-30,तामा,के.जी.,130.0,150.0,140.0
2026-04-30,तितो करेला,के.जी.,20.0,40.0,30.0
2026-04-30,तोफु,के.जी.,130.0,150.0,140.0
2026-04-30,तोरीको साग,के.जी.,20.0,30.0,23.75
2026-04-30,नासपाती(चाइनिज),केजी,220.0,250.0,235.0
2026-04-30,न्यूरो,के.जी.,70.0,80.0,75.0
2026-04-30,परवर(तराई),केजी,60.0,70.0,65.0
2026-04-30,परवर(लोकल),के.जी.,60.0,70.0,65.0
2026-04-30,पार्सले,के.जी.,300.0,320.0,310.0
2026-04-30,पालूगो साग,के.जी.,60.0,70.0,65.0
2026-04-30,पिंडालू,के.जी.,40.0,50.0,45.0
2026-04-30,पुदीना,के.जी.,100.0,110.0,105.0
2026-04-30,प्याज सुकेको (भारतीय),के.जी.,35.0,38.0,36.0
2026-04-30,प्याज हरियो,के.जी.,60.0,100.0,75.0
2026-04-30,फर्सी पाकेको,के.जी.,55.0,60.0,57.5
2026-04-30,फर्सी हरियो(लाम्चो),के.जी.,20.0,25.0,22.5
2026-04-30,बन्दा(तराई),केजी,20.0,30.0,25.0
2026-04-30,बन्दा(लोकल),के.जी.,25.0,35.0,30.0
2026-04-30,बरेला,के.जी.,60.0,70.0,65.0
2026-04-30,बोडी(तने),के.जी.,60.0,80.0,67.5
2026-04-30,ब्रोकाउली,के.जी.,40.0,70.0,53.33
2026-04-30,भटमासकोशा,के.जी.,150.0,180.0,165.0
2026-04-30,भन्टा डल्लो,के.जी.,45.0,60.0,51.25
2026-04-30,भन्टा लाम्चो,के.जी.,35.0,50.0,41.25
2026-04-30,भिण्डी,के.जी.,40.0,60.0,48.13
2026-04-30,भेडे खु्र्सानी,के.जी.,50.0,70.0,60.0
2026-04-30,मकै बोडी,केजी,70.0,80.0,75.0
2026-04-30,मटरकोशा,के.जी.,30.0,50.0,40.0
2026-04-30,मेथीको साग,के.जी.,60.0,70.0,65.0
2026-04-30,राजा च्याउ,के.जी.,300.0,320.0,310.0
2026-04-30,रातो बन्दा,के.जी.,40.0,40.0,40.0
2026-04-30,रायो साग,के.जी.,30.0,50.0,41.67
2026-04-30,लसुन सुकेको चाइनिज,के.जी.,180.0,200.0,190.0
2026-04-30,लसुन सुकेको नेपाली,के.जी.,100.0,120.0,110.0
2026-04-30,लसुन हरियो,के.जी.,140.0,160.0,150.0
2026-04-30,लौका,के.जी.,20.0,30.0,25.0
2026-04-30,सखरखण्ड,के.जी.,70.0,80.0,75.0
2026-04-30,सजिवन,के.जी.,100.0,120.0,110.0
2026-04-30,सिताके च्याउ,के.जी.,800.0,1000.0,900.0
2026-04-30,सेतो मूला(हाइब्रीड),केजी,15.0,25.0,20.0
2026-04-30,सेलरी,के.जी.,140.0,160.0,150.0
2026-04-30,सौफको साग,के.जी.,70.0,80.0,75.0
2026-04-30,स्कूस,के.जी.,45.0,60.0,52.5
2026-04-30,स्थानीय काउली(ज्यापु),केजी,30.0,40.0,35.0
2026-04-30,हरियो धनिया,के.जी.,40.0,60.0,50.0
2026-04-30,हरियो फर्सी(डल्लो),केजी,20.0,30.0,25.0
2026-05-01,अदुवा,के.जी.,80.0,100.0,90.0
2026-05-01,आलु रातो(भारतीय),के जी,22.0,23.0,22.5
2026-05-01,आलु रातो(लाम्चो),के.जी.,22.0,27.0,24.5
2026-05-01,इमली,के.जी.,170.0,180.0,175.0
2026-05-01,काउली स्थानिय,के.जी.,30.0,40.0,35.0
2026-05-01,काक्रो(लोकल),के.जी.,35.0,50.0,44.17
2026-05-01,काक्रो(लोकलक्रस),के.जी.,50.0,60.0,56.25
2026-05-01,काक्रो(हाइब्रीड),के जी,10.0,20.0,15.0
2026-05-01,किवि,केजी,400.0,500.0,450.0
2026-05-01,कुरीलो,के.जी.,400.0,500.0,450.0
2026-05-01,कोइरालो,के.जी.,280.0,300.0,290.0
2026-05-01,खुर्सानी हरियो(अकबरे),के जी,500.0,600.0,550.0
2026-05-01,खुर्सानी हरियो(बुलेट),के जी,45.0,55.0,50.0
2026-05-01,खुर्सानी हरियो(माछे),के जी,45.0,60.0,52.5
2026-05-01,खुर्सानी हरियो(लाम्चो),के जी,60.0,70.0,65.0
2026-05-01,खु्र्सानी सुकेको,के.जी.,380.0,450.0,415.0
2026-05-01,गाजर(तराई),केजी,20.0,30.0,25.0
2026-05-01,गाजर(लोकल),के.जी.,40.0,50.0,45.0
2026-05-01,गान्टे मूला,के.जी.,40.0,50.0,45.0
2026-05-01,गुन्दुक,के.जी.,250.0,300.0,275.0
2026-05-01,गोलभेडा ठूलो(भारतीय),केजी,80.0,100.0,90.0
2026-05-01,गोलभेडा सानो(तराई),के जी,44.0,55.0,48.17
2026-05-01,गोलभेडा सानो(भारतीय),के जी,45.0,55.0,50.0
2026-05-01,गोलभेडा सानो(लोकल),के.जी.,50.0,60.0,53.67
2026-05-01,घिउ सिमी(राजमा),केजी,90.0,100.0,95.0
2026-05-01,घिउ सिमी(लोकल),के.जी.,20.0,30.0,25.0
2026-05-01,घिउ सिमी(हाइब्रीड),केजी,30.0,40.0,35.0
2026-05-01,घिरौला,के.जी.,30.0,40.0,35.0
2026-05-01,चमसूरको साग,के.जी.,60.0,70.0,65.0
2026-05-01,चिचिण्डो,के.जी.,20.0,30.0,25.0
2026-05-01,चुकुन्दर,के.जी.,50.0,60.0,55.0
2026-05-01,च्याउ(कन्य),के.जी.,180.0,200.0,190.0
2026-05-01,च्याउ(डल्ले),के जी,380.0,420.0,400.0
2026-05-01,जिरीको साग,के.जी.,70.0,80.0,75.0
2026-05-01,टाटे सिमी,के.जी.,100.0,120.0,110.0
2026-05-01,तरुल,के.जी.,70.0,90.0,80.0
2026-05-01,तामा,के.जी.,130.0,150.0,140.0
2026-05-01,तितो करेला,के.जी.,20.0,40.0,27.14
2026-05-01,तोफु,के.जी.,130.0,150.0,140.0
2026-05-01,तोरीको साग,के.जी.,20.0,30.0,25.0
2026-05-01,नासपाती(चाइनिज),केजी,230.0,250.0,240.0
2026-05-01,न्यूरो,के.जी.,80.0,100.0,90.0
2026-05-01,परवर(तराई),केजी,60.0,70.0,65.0
2026-05-01,परवर(लोकल),के.जी.,70.0,80.0,75.0
2026-05-01,पार्सले,के.जी.,300.0,320.0,310.0
2026-05-01,पालूगो साग,के.जी.,70.0,80.0,75.0
2026-05-01,पिंडालू,के.जी.,40.0,50.0,45.0
2026-05-01,पुदीना,के.जी.,100.0,110.0,105.0
2026-05-01,प्याज सुकेको (भारतीय),के.जी.,37.0,40.0,38.38
2026-05-01,प्याज हरियो,के.जी.,80.0,100.0,90.0
2026-05-01,फर्सी पाकेको,के.जी.,50.0,55.0,52.5
2026-05-01,फर्सी हरियो(लाम्चो),के.जी.,20.0,30.0,26.25
2026-05-01,बन्दा(तराई),केजी,20.0,30.0,25.0
2026-05-01,बन्दा(लोकल),के.जी.,25.0,35.0,30.0
2026-05-01,बोडी(तने),के.जी.,60.0,80.0,70.0
2026-05-01,ब्रोकाउली,के.जी.,40.0,70.0,55.0
2026-05-01,भटमासकोशा,के.जी.,150.0,180.0,165.0
2026-05-01,भन्टा डल्लो,के.जी.,40.0,50.0,45.0
2026-05-01,भन्टा लाम्चो,के.जी.,30.0,40.0,35.0
2026-05-01,भिण्डी,के.जी.,45.0,60.0,52.5
2026-05-01,भेडे खु्र्सानी,के.जी.,50.0,70.0,57.5
2026-05-01,मटरकोशा,के.जी.,40.0,50.0,45.0
2026-05-01,मेथीको साग,के.जी.,60.0,70.0,65.0
2026-05-01,राजा च्याउ,के.जी.,300.0,320.0,310.0
2026-05-01,रातो बन्दा,के.जी.,40.0,50.0,45.0
2026-05-01,रायो साग,के.जी.,40.0,50.0,45.0
2026-05-01,लसुन सुकेको चाइनिज,के.जी.,180.0,200.0,190.0
2026-05-01,लसुन सुकेको नेपाली,के.जी.,100.0,120.0,110.0
2026-05-01,लसुन हरियो,के.जी.,140.0,160.0,150.0
2026-05-01,लौका,के.जी.,15.0,30.0,22.5
2026-05-01,सखरखण्ड,के.जी.,70.0,80.0,75.0
2026-05-01,सजिवन,के.जी.,100.0,120.0,110.0
2026-05-01,सिताके च्याउ,के.जी.,800.0,1000.0,900.0
2026-05-01,सेतो मूला(हाइब्रीड),केजी,15.0,25.0,19.17
2026-05-01,सेलरी,के.जी.,140.0,160.0,150.0
2026-05-01,सौफको साग,के.जी.,70.0,80.0,75.0
2026-05-01,स्कूस,के.जी.,50.0,60.0,55.0
2026-05-01,स्थानीय काउली(ज्यापु),केजी,40.0,50.0,45.0
2026-05-01,हरियो धनिया,के.जी.,50.0,60.0,55.0
2026-05-01,हरियो फर्सी(डल्लो),केजी,20.0,25.0,23.33
2026-05-02,अदुवा,के.जी.,80.0,100.0,90.0
2026-05-02,आलु रातो(भारतीय),के जी,22.0,24.0,23.0
2026-05-02,आलु रातो(लाम्चो),के.जी.,22.0,27.0,24.5
2026-05-02,इमली,के.जी.,170.0,180.0,175.0
2026-05-02,काउली स्थानिय,के.जी.,30.0,40.0,35.0
2026-05-02,काक्रो(लोकल),के.जी.,50.0,60.0,55.0
2026-05-02,काक्रो(लोकलक्रस),के.जी.,40.0,50.0,45.0
2026-05-02,काक्रो(हाइब्रीड),के जी,15.0,25.0,20.0
2026-05-02,किवि,केजी,400.0,500.0,450.0
2026-05-02,कुरीलो,के.जी.,400.0,500.0,450.0
2026-05-02,कोइरालो,के.जी.,280.0,300.0,290.0
2026-05-02,खुर्सानी हरियो(अकबरे),के जी,500.0,600.0,550.0
2026-05-02,खुर्सानी हरियो(बुलेट),के जी,80.0,90.0,85.0
2026-05-02,खुर्सानी हरियो(माछे),के जी,40.0,50.0,45.0
2026-05-02,खु्र्सानी सुकेको,के.जी.,380.0,450.0,415.0
2026-05-02,गाजर(तराई),केजी,20.0,30.0,25.0
2026-05-02,गाजर(लोकल),के.जी.,40.0,50.0,45.0
2026-05-02,गान्टे मूला,के.जी.,40.0,50.0,45.0
2026-05-02,गुन्दुक,के.जी.,250.0,300.0,275.0
2026-05-02,गोलभेडा ठूलो(भारतीय),केजी,80.0,100.0,90.0
2026-05-02,गोलभेडा सानो(तराई),के जी,48.0,58.0,53.0
2026-05-02,गोलभेडा सानो(भारतीय),के जी,48.0,56.0,52.0
2026-05-02,गोलभेडा सानो(लोकल),के.जी.,55.0,65.0,60.0
2026-05-02,घिउ सिमी(राजमा),केजी,90.0,100.0,95.0
2026-05-02,घिउ सिमी(लोकल),के.जी.,20.0,30.0,25.0
2026-05-02,घिउ सिमी(हाइब्रीड),केजी,30.0,40.0,35.0
2026-05-02,घिरौला,के.जी.,30.0,40.0,35.0
2026-05-02,चमसूरको साग,के.जी.,60.0,70.0,65.0
2026-05-02,चिचिण्डो,के.जी.,20.0,30.0,25.0
2026-05-02,चुकुन्दर,के.जी.,50.0,60.0,55.0
2026-05-02,च्याउ(कन्य),के.जी.,200.0,220.0,210.0
2026-05-02,च्याउ(डल्ले),के जी,400.0,450.0,425.0
2026-05-02,जिरीको साग,के.जी.,70.0,80.0,75.0
2026-05-02,टाटे सिमी,के.जी.,100.0,120.0,110.0
2026-05-02,तरुल,के.जी.,70.0,90.0,80.0
2026-05-02,तामा,के.जी.,130.0,150.0,140.0
2026-05-02,तितो करेला,के.जी.,25.0,40.0,32.5
2026-05-02,तोफु,के.जी.,130.0,150.0,140.0
2026-05-02,तोरीको साग,के.जी.,20.0,30.0,25.0
2026-05-02,नासपाती(चाइनिज),केजी,230.0,250.0,240.0
2026-05-02,न्यूरो,के.जी.,80.0,100.0,90.0
2026-05-02,परवर(तराई),केजी,60.0,70.0,65.0
2026-05-02,परवर(लोकल),के.जी.,70.0,80.0,75.0
2026-05-02,पार्सले,के.जी.,300.0,320.0,310.0
2026-05-02,पालूगो साग,के.जी.,70.0,80.0,75.0
2026-05-02,पिंडालू,के.जी.,40.0,50.0,45.0
2026-05-02,पुदीना,के.जी.,100.0,110.0,105.0
2026-05-02,प्याज सुकेको (भारतीय),के.जी.,37.0,40.0,38.5
2026-05-02,प्याज हरियो,के.जी.,100.0,120.0,110.0
2026-05-02,फर्सी पाकेको,के.जी.,50.0,55.0,52.5
2026-05-02,फर्सी हरियो(लाम्चो),के.जी.,15.0,20.0,17.5
2026-05-02,बन्दा(तराई),केजी,20.0,30.0,25.0
2026-05-02,बन्दा(लोकल),के.जी.,20.0,35.0,27.5
2026-05-02,बोडी(तने),के.जी.,70.0,80.0,75.0
2026-05-02,ब्रोकाउली,के.जी.,40.0,70.0,55.0
2026-05-02,भटमासकोशा,के.जी.,150.0,180.0,165.0
2026-05-02,भन्टा डल्लो,के.जी.,40.0,50.0,45.0
2026-05-02,भन्टा लाम्चो,के.जी.,30.0,40.0,35.0
2026-05-02,भेडे खु्र्सानी,के.जी.,60.0,90.0,75.0
2026-05-02,मकै बोडी,केजी,70.0,80.0,75.0
2026-05-02,मटरकोशा,के.जी.,40.0,50.0,45.0
2026-05-02,मेथीको साग,के.जी.,60.0,70.0,65.0
2026-05-02,राजा च्याउ,के.जी.,280.0,300.0,290.0
2026-05-02,रातो बन्दा,के.जी.,40.0,50.0,45.0
2026-05-02,रायो साग,के.जी.,50.0,60.0,55.0
2026-05-02,लसुन सुकेको चाइनिज,के.जी.,180.0,200.0,190.0
2026-05-02,लसुन सुकेको नेपाली,के.जी.,100.0,120.0,110.0
2026-05-02,लसुन हरियो,के.जी.,150.0,160.0,155.0
2026-05-02,लौका,के.जी.,15.0,30.0,22.5
2026-05-02,सखरखण्ड,के.जी.,70.0,80.0,75.0
2026-05-02,सजिवन,के.जी.,100.0,120.0,110.0
2026-05-02,सिताके च्याउ,के.जी.,800.0,1000.0,900.0
2026-05-02,सेतो मूला(हाइब्रीड),केजी,15.0,20.0,17.5
2026-05-02,सेलरी,के.जी.,140.0,160.0,150.0
2026-05-02,सौफको साग,के.जी.,70.0,80.0,75.0
2026-05-02,स्कूस,के.जी.,50.0,60.0,55.0
2026-05-02,स्थानीय काउली(ज्यापु),केजी,40.0,50.0,45.0
2026-05-02,हरियो धनिया,के.जी.,80.0,120.0,100.0
2026-05-02,हरियो फर्सी(डल्लो),केजी,20.0,25.0,22.5
2026-05-03,अदुवा,के.जी.,80.0,100.0,90.0
2026-05-03,आलु रातो(भारतीय),के जी,22.0,24.0,23.0
2026-05-03,आलु रातो(लाम्चो),के.जी.,22.0,27.0,24.5
2026-05-03,इमली,के.जी.,170.0,180.0,175.0
2026-05-03,काउली स्थानिय,के.जी.,20.0,50.0,35.0
2026-05-03,काक्रो(लोकल),के.जी.,50.0,60.0,55.0
2026-05-03,काक्रो(लोकलक्रस),के.जी.,50.0,60.0,55.0
2026-05-03,काक्रो(हाइब्रीड),के जी,15.0,25.0,20.0
2026-05-03,किवि,केजी,450.0,500.0,475.0
2026-05-03,कुरीलो,के.जी.,400.0,500.0,450.0
2026-05-03,कोइरालो,के.जी.,280.0,300.0,290.0
2026-05-03,खुर्सानी हरियो(अकबरे),के जी,500.0,600.0,550.0
2026-05-03,खुर्सानी हरियो(बुलेट),के जी,70.0,80.0,75.0
2026-05-03,खुर्सानी हरियो(माछे),के जी,50.0,60.0,55.0
2026-05-03,खुर्सानी हरियो(लाम्चो),के जी,100.0,110.0,105.0
2026-05-03,खु्र्सानी सुकेको,के.जी.,380.0,450.0,415.0
2026-05-03,गाजर(तराई),केजी,20.0,30.0,25.0
2026-05-03,गाजर(लोकल),के.जी.,40.0,50.0,45.0
2026-05-03,गान्टे मूला,के.जी.,40.0,50.0,45.0
2026-05-03,गुन्दुक,के.जी.,250.0,300.0,275.0
2026-05-03,गोलभेडा ठूलो(भारतीय),केजी,80.0,100.0,90.0
2026-05-03,गोलभेडा सानो(तराई),के जी,40.0,55.0,47.5
2026-05-03,गोलभेडा सानो(भारतीय),के जी,45.0,55.0,50.0
2026-05-03,गोलभेडा सानो(लोकल),के.जी.,55.0,65.0,60.0
2026-05-03,घिउ सिमी(राजमा),केजी,90.0,100.0,95.0
2026-05-03,घिउ सिमी(लोकल),के.जी.,30.0,50.0,40.0
2026-05-03,घिउ सिमी(हाइब्रीड),केजी,30.0,40.0,35.0
2026-05-03,घिरौला,के.जी.,40.0,50.0,45.0
2026-05-03,चमसूरको साग,के.जी.,70.0,80.0,75.0
2026-05-03,चिचिण्डो,के.जी.,20.0,30.0,25.0
2026-05-03,चुकुन्दर,के.जी.,60.0,70.0,65.0
2026-05-03,च्याउ(कन्य),के.जी.,220.0,250.0,235.0
2026-05-03,च्याउ(डल्ले),के जी,400.0,450.0,425.0
2026-05-03,जिरीको साग,के.जी.,70.0,80.0,75.0
2026-05-03,टाटे सिमी,के.जी.,100.0,120.0,110.0
2026-05-03,तरुल,के.जी.,70.0,90.0,80.0
2026-05-03,तामा,के.जी.,130.0,150.0,140.0
2026-05-03,तितो करेला,के.जी.,25.0,35.0,30.0
2026-05-03,तोफु,के.जी.,130.0,150.0,140.0
2026-05-03,तोरीको साग,के.जी.,20.0,30.0,25.0
2026-05-03,नासपाती(चाइनिज),केजी,230.0,250.0,240.0
2026-05-03,न्यूरो,के.जी.,80.0,100.0,90.0
2026-05-03,परवर(तराई),केजी,60.0,70.0,65.0
2026-05-03,परवर(लोकल),के.जी.,70.0,80.0,75.0
2026-05-03,पार्सले,के.जी.,250.0,300.0,275.0
2026-05-03,पालूगो साग,के.जी.,70.0,80.0,75.0
2026-05-03,पिंडालू,के.जी.,40.0,50.0,45.0
2026-05-03,पुदीना,के.जी.,100.0,120.0,110.0
2026-05-03,प्याज सुकेको (भारतीय),के.जी.,38.0,40.0,39.0
2026-05-03,प्याज हरियो,के.जी.,150.0,160.0,155.0
2026-05-03,फर्सी पाकेको,के.जी.,50.0,55.0,52.5
2026-05-03,फर्सी हरियो(लाम्चो),के.जी.,15.0,20.0,17.5
2026-05-03,बन्दा(तराई),केजी,20.0,30.0,25.0
2026-05-03,बन्दा(लोकल),के.जी.,25.0,35.0,30.0
2026-05-03,बोडी(तने),के.जी.,80.0,90.0,85.0
2026-05-03,ब्रोकाउली,के.जी.,60.0,70.0,65.0
2026-05-03,भटमासकोशा,के.जी.,150.0,180.0,165.0
2026-05-03,भन्टा डल्लो,के.जी.,40.0,50.0,45.0
2026-05-03,भन्टा लाम्चो,के.जी.,30.0,40.0,35.0
2026-05-03,भिण्डी,के.जी.,70.0,80.0,75.0
2026-05-03,भेडे खु्र्सानी,के.जी.,60.0,90.0,75.0
2026-05-03,मकै बोडी,केजी,70.0,80.0,75.0
2026-05-03,मटरकोशा,के.जी.,40.0,50.0,45.0
2026-05-03,मेथीको साग,के.जी.,70.0,80.0,75.0
2026-05-03,राजा च्याउ,के.जी.,280.0,300.0,290.0
2026-05-03,रातो बन्दा,के.जी.,40.0,50.0,45.0
2026-05-03,रायो साग,के.जी.,50.0,70.0,60.0
2026-05-03,लसुन सुकेको चाइनिज,के.जी.,180.0,200.0,190.0
2026-05-03,लसुन सुकेको नेपाली,के.जी.,100.0,120.0,110.0
2026-05-03,लसुन हरियो,के.जी.,130.0,160.0,145.0
2026-05-03,लौका,के.जी.,20.0,35.0,27.5
2026-05-03,सखरखण्ड,के.जी.,60.0,70.0,65.0
2026-05-03,सजिवन,के.जी.,100.0,120.0,110.0
2026-05-03,सिताके च्याउ,के.जी.,800.0,1000.0,900.0
2026-05-03,सेतो मूला(हाइब्रीड),केजी,20.0,30.0,25.0
2026-05-03,सेलरी,के.जी.,150.0,160.0,155.0
2026-05-03,सौफको साग,के.जी.,70.0,80.0,75.0
2026-05-03,स्कूस,के.जी.,50.0,60.0,55.0
2026-05-03,स्थानीय काउली(ज्यापु),केजी,40.0,50.0,45.0
2026-05-03,हरियो धनिया,के.जी.,60.0,120.0,90.0
2026-05-03,हरियो फर्सी(डल्लो),केजी,20.0,25.0,22.5
2026-05-04,अदुवा,के.जी.,80.0,100.0,90.0
2026-05-04,आलु रातो(भारतीय),के जी,21.0,23.0,22.0
2026-05-04,आलु रातो(लाम्चो),के.जी.,22.0,28.0,24.75
2026-05-04,इमली,के.जी.,170.0,180.0,175.0
2026-05-04,काउली स्थानिय,के.जी.,30.0,50.0,40.0
2026-05-04,काक्रो(लोकल),के.जी.,40.0,50.0,45.0
2026-05-04,काक्रो(लोकलक्रस),के.जी.,50.0,60.0,56.25
2026-05-04,काक्रो(हाइब्रीड),के जी,15.0,25.0,20.0
2026-05-04,कुरीलो,के.जी.,400.0,500.0,450.0
2026-05-04,कोइरालो,के.जी.,280.0,300.0,290.0
2026-05-04,खुर्सानी हरियो(अकबरे),के जी,500.0,600.0,550.0
2026-05-04,खुर्सानी हरियो(बुलेट),के जी,60.0,70.0,65.0
2026-05-04,खुर्सानी हरियो(माछे),के जी,50.0,60.0,55.0
2026-05-04,खुर्सानी हरियो(लाम्चो),के जी,70.0,90.0,80.0
2026-05-04,खु्र्सानी सुकेको,के.जी.,380.0,450.0,415.0
2026-05-04,गाजर(तराई),केजी,20.0,30.0,25.0
2026-05-04,गाजर(लोकल),के.जी.,40.0,50.0,45.0
2026-05-04,गान्टे मूला,के.जी.,40.0,50.0,45.0
2026-05-04,गुन्दुक,के.जी.,250.0,300.0,275.0
2026-05-04,गोलभेडा ठूलो(भारतीय),केजी,80.0,90.0,85.0
2026-05-04,गोलभेडा सानो(तराई),के जी,40.0,55.0,48.75
2026-05-04,गोलभेडा सानो(भारतीय),के जी,45.0,55.0,50.0
2026-05-04,गोलभेडा सानो(लोकल),के.जी.,55.0,65.0,59.75
2026-05-04,घिउ सिमी(राजमा),केजी,90.0,100.0,95.0
2026-05-04,घिउ सिमी(लोकल),के.जी.,40.0,50.0,45.0
2026-05-04,घिउ सिमी(हाइब्रीड),केजी,40.0,50.0,45.0
2026-05-04,घिरौला,के.जी.,40.0,50.0,45.0
2026-05-04,चमसूरको साग,के.जी.,70.0,80.0,75.0
2026-05-04,चिचिण्डो,के.जी.,20.0,30.0,25.0
2026-05-04,चुकुन्दर,के.जी.,60.0,70.0,65.0
2026-05-04,च्याउ(कन्य),के.जी.,250.0,280.0,263.33
2026-05-04,च्याउ(डल्ले),के जी,400.0,450.0,425.0
2026-05-04,झिगूनी,के.जी.,80.0,90.0,85.0
2026-05-04,टाटे सिमी,के.जी.,100.0,120.0,110.0
2026-05-04,तरुल,के.जी.,70.0,90.0,80.0
2026-05-04,तामा,के.जी.,130.0,150.0,140.0
2026-05-04,तितो करेला,के.जी.,20.0,30.0,23.75
2026-05-04,तोफु,के.जी.,130.0,150.0,140.0
2026-05-04,तोरीको साग,के.जी.,20.0,30.0,25.0
2026-05-04,नासपाती(चाइनिज),केजी,230.0,250.0,240.0
2026-05-04,न्यूरो,के.जी.,80.0,100.0,90.0
2026-05-04,परवर(तराई),केजी,60.0,70.0,65.0
2026-05-04,परवर(लोकल),के.जी.,70.0,80.0,75.0
2026-05-04,पार्सले,के.जी.,250.0,300.0,275.0
2026-05-04,पालूगो साग,के.जी.,70.0,80.0,75.0
2026-05-04,पिंडालू,के.जी.,40.0,50.0,45.0
2026-05-04,पुदीना,के.जी.,90.0,110.0,100.0
2026-05-04,प्याज सुकेको (भारतीय),के.जी.,40.0,42.0,41.25
2026-05-04,प्याज हरियो,के.जी.,150.0,160.0,155.0
2026-05-04,फर्सी पाकेको,के.जी.,50.0,55.0,52.5
2026-05-04,फर्सी हरियो(लाम्चो),के.जी.,20.0,30.0,23.33
2026-05-04,बन्दा(तराई),केजी,20.0,30.0,25.0
2026-05-04,बन्दा(लोकल),के.जी.,25.0,35.0,30.0
2026-05-04,बोडी(तने),के.जी.,80.0,100.0,93.33
2026-05-04,ब्रोकाउली,के.जी.,60.0,70.0,65.0
2026-05-04,भटमासकोशा,के.जी.,160.0,180.0,170.0
2026-05-04,भन्टा डल्लो,के.जी.,40.0,50.0,45.0
2026-05-04,भन्टा लाम्चो,के.जी.,30.0,40.0,35.0
2026-05-04,भिण्डी,के.जी.,80.0,90.0,85.0
2026-05-04,भेडे खु्र्सानी,के.जी.,50.0,80.0,65.0
2026-05-04,मकै बोडी,केजी,70.0,90.0,82.5
2026-05-04,मटरकोशा,के.जी.,40.0,50.0,45.0
2026-05-04,मेथीको साग,के.जी.,70.0,80.0,75.0
2026-05-04,राजा च्याउ,के.जी.,300.0,320.0,310.0
2026-05-04,रातो बन्दा,के.जी.,40.0,50.0,45.0
2026-05-04,रायो साग,के.जी.,60.0,80.0,70.0
2026-05-04,लसुन सुकेको चाइनिज,के.जी.,180.0,200.0,190.0
2026-05-04,लसुन सुकेको नेपाली,के.जी.,80.0,100.0,93.33
2026-05-04,लसुन हरियो,के.जी.,180.0,200.0,186.67
2026-05-04,लौका,के.जी.,20.0,35.0,27.5
2026-05-04,सखरखण्ड,के.जी.,60.0,70.0,65.0
2026-05-04,सजिवन,के.जी.,100.0,120.0,110.0
2026-05-04,सिताके च्याउ,के.जी.,800.0,1000.0,900.0
2026-05-04,सेतो मूला(हाइब्रीड),केजी,20.0,25.0,22.5
2026-05-04,सेलरी,के.जी.,120.0,130.0,125.0
2026-05-04,सौफको साग,के.जी.,70.0,80.0,75.0
2026-05-04,स्कूस,के.जी.,50.0,60.0,55.0
2026-05-04,स्थानीय काउली(ज्यापु),केजी,50.0,60.0,55.0
2026-05-04,हरियो धनिया,के.जी.,80.0,140.0,110.0
2026-05-04,हरियो फर्सी(डल्लो),केजी,15.0,30.0,22.0
2026-05-05,अदुवा,के.जी.,80.0,100.0,90.0
2026-05-05,आलु रातो(भारतीय),के जी,21.0,24.0,22.5
2026-05-05,आलु रातो(लाम्चो),के.जी.,22.0,28.0,25.0
2026-05-05,इमली,के.जी.,170.0,180.0,175.0
2026-05-05,काउली स्थानिय,के.जी.,60.0,80.0,67.0
2026-05-05,काक्रो(लोकल),के.जी.,50.0,65.0,57.0
2026-05-05,काक्रो(लोकलक्रस),के.जी.,55.0,70.0,62.5
2026-05-05,काक्रो(हाइब्रीड),के जी,25.0,40.0,31.67
2026-05-05,कुरीलो,के.जी.,400.0,500.0,450.0
2026-05-05,कोइरालो,के.जी.,280.0,300.0,290.0
2026-05-05,खुर्सानी हरियो(अकबरे),के जी,500.0,600.0,550.0
2026-05-05,खुर्सानी हरियो(बुलेट),के जी,55.0,70.0,62.5
2026-05-05,खुर्सानी हरियो(माछे),के जी,50.0,70.0,60.0
2026-05-05,खुर्सानी हरियो(लाम्चो),के जी,70.0,90.0,76.67
2026-05-05,खु्र्सानी सुकेको,के.जी.,380.0,450.0,415.0
2026-05-05,गाजर(तराई),केजी,25.0,35.0,30.0
2026-05-05,गाजर(लोकल),के.जी.,50.0,60.0,55.0
2026-05-05,गान्टे मूला,के.जी.,40.0,50.0,45.0
2026-05-05,गुन्दुक,के.जी.,250.0,300.0,275.0
2026-05-05,गोलभेडा ठूलो(भारतीय),केजी,80.0,90.0,85.0
2026-05-05,गोलभेडा सानो(तराई),के जी,40.0,55.0,47.5
2026-05-05,गोलभेडा सानो(भारतीय),के जी,45.0,52.0,48.5
2026-05-05,गोलभेडा सानो(लोकल),के.जी.,52.0,61.0,57.38
2026-05-05,घिउ सिमी(राजमा),केजी,90.0,100.0,95.0
2026-05-05,घिउ सिमी(लोकल),के.जी.,80.0,100.0,88.0
2026-05-05,घिउ सिमी(हाइब्रीड),केजी,60.0,70.0,65.0
2026-05-05,घिरौला,के.जी.,50.0,60.0,55.0
2026-05-05,चमसूरको साग,के.जी.,80.0,90.0,85.0
2026-05-05,चिचिण्डो,के.जी.,20.0,30.0,25.0
2026-05-05,चुकुन्दर,के.जी.,55.0,70.0,61.25
2026-05-05,च्याउ(कन्य),के.जी.,220.0,260.0,242.0
2026-05-05,च्याउ(डल्ले),के जी,350.0,400.0,375.0
2026-05-05,जिरीको साग,के.जी.,90.0,100.0,95.0
2026-05-05,झिगूनी,के.जी.,80.0,90.0,85.0
2026-05-05,तरुल,के.जी.,70.0,90.0,80.0
2026-05-05,तामा,के.जी.,130.0,150.0,140.0
2026-05-05,तितो करेला,के.जी.,20.0,35.0,28.33
2026-05-05,तोफु,के.जी.,130.0,150.0,140.0
2026-05-05,तोरीको साग,के.जी.,20.0,30.0,25.0
2026-05-05,नासपाती(चाइनिज),केजी,230.0,250.0,240.0
2026-05-05,न्यूरो,के.जी.,80.0,100.0,90.0
2026-05-05,परवर(तराई),केजी,60.0,70.0,65.0
2026-05-05,परवर(लोकल),के.जी.,70.0,80.0,75.0
2026-05-05,पार्सले,के.जी.,250.0,300.0,275.0
2026-05-05,पालूगो साग,के.जी.,80.0,100.0,90.0
2026-05-05,पिंडालू,के.जी.,40.0,50.0,45.0
2026-05-05,पुदीना,के.जी.,90.0,110.0,97.75
2026-05-05,प्याज सुकेको (भारतीय),के.जी.,40.0,42.0,41.0
2026-05-05,प्याज हरियो,के.जी.,100.0,150.0,126.0
2026-05-05,फर्सी पाकेको,के.जी.,50.0,60.0,53.75
2026-05-05,फर्सी हरियो(लाम्चो),के.जी.,20.0,30.0,25.0
2026-05-05,बन्दा(तराई),केजी,25.0,35.0,30.0
2026-05-05,बन्दा(लोकल),के.जी.,30.0,45.0,39.17
2026-05-05,बोडी(तने),के.जी.,80.0,110.0,95.0
2026-05-05,ब्रोकाउली,के.जी.,60.0,70.0,65.0
2026-05-05,भटमासकोशा,के.जी.,150.0,170.0,160.0
2026-05-05,भन्टा डल्लो,के.जी.,50.0,60.0,55.0
2026-05-05,भन्टा लाम्चो,के.जी.,40.0,50.0,45.0
2026-05-05,भिण्डी,के.जी.,70.0,100.0,83.33
2026-05-05,भेडे खु्र्सानी,के.जी.,50.0,70.0,60.0
2026-05-05,मकै बोडी,केजी,75.0,85.0,80.0
2026-05-05,मटरकोशा,के.जी.,40.0,50.0,45.0
2026-05-05,मूला सेतो(लोकल),के.जी.,15.0,20.0,17.5
2026-05-05,मेथीको साग,के.जी.,80.0,90.0,85.0
2026-05-05,राजा च्याउ,के.जी.,280.0,300.0,290.0
2026-05-05,रातो बन्दा,के.जी.,35.0,50.0,43.75
2026-05-05,रायो साग,के.जी.,60.0,80.0,70.0
2026-05-05,लसुन सुकेको चाइनिज,के.जी.,180.0,200.0,190.0
2026-05-05,लसुन सुकेको नेपाली,के.जी.,80.0,100.0,90.0
2026-05-05,लसुन हरियो,के.जी.,180.0,200.0,190.0
2026-05-05,लौका,के.जी.,25.0,30.0,27.5
2026-05-05,सखरखण्ड,के.जी.,60.0,75.0,67.5
2026-05-05,सजिवन,के.जी.,100.0,120.0,110.0
2026-05-05,सिताके च्याउ,के.जी.,800.0,1000.0,900.0
2026-05-05,सेतो मूला(हाइब्रीड),केजी,16.0,30.0,22.75
2026-05-05,सेलरी,के.जी.,110.0,130.0,120.0
2026-05-05,सौफको साग,के.जी.,80.0,90.0,85.0
2026-05-05,स्कूस,के.जी.,50.0,55.0,52.5
2026-05-05,स्थानीय काउली(ज्यापु),केजी,80.0,100.0,90.0
2026-05-05,हरियो धनिया,के.जी.,60.0,100.0,85.0
2026-05-05,हरियो फर्सी(डल्लो),केजी,15.0,30.0,23.33
2026-05-06,अदुवा,के.जी.,80.0,100.0,90.0
2026-05-06,आलु रातो(भारतीय),के जी,23.0,24.0,23.5
2026-05-06,आलु रातो(लाम्चो),के.जी.,22.0,28.0,24.5
2026-05-06,इमली,के.जी.,170.0,180.0,175.0
2026-05-06,काउली स्थानिय,के.जी.,50.0,70.0,60.0
2026-05-06,काक्रो(लोकल),के.जी.,60.0,70.0,63.0
2026-05-06,काक्रो(लोकलक्रस),के.जी.,65.0,80.0,72.5
2026-05-06,काक्रो(हाइब्रीड),के जी,40.0,50.0,45.0
2026-05-06,कुरीलो,के.जी.,400.0,500.0,450.0
2026-05-06,कोइरालो,के.जी.,280.0,300.0,290.0
2026-05-06,खुर्सानी हरियो(अकबरे),के जी,500.0,600.0,550.0
2026-05-06,खुर्सानी हरियो(बुलेट),के जी,60.0,70.0,65.0
2026-05-06,खुर्सानी हरियो(माछे),के जी,45.0,60.0,52.5
2026-05-06,खुर्सानी हरियो(लाम्चो),के जी,70.0,80.0,75.0
2026-05-06,खु्र्सानी सुकेको,के.जी.,380.0,450.0,415.0
2026-05-06,गाजर(तराई),केजी,25.0,35.0,30.0
2026-05-06,गाजर(लोकल),के.जी.,50.0,60.0,55.0
2026-05-06,गान्टे मूला,के.जी.,40.0,50.0,45.0
2026-05-06,गुन्दुक,के.जी.,250.0,300.0,275.0
2026-05-06,गोलभेडा ठूलो(भारतीय),केजी,85.0,95.0,90.0
2026-05-06,गोलभेडा सानो(तराई),के जी,40.0,50.0,45.0
2026-05-06,गोलभेडा सानो(भारतीय),के जी,42.0,48.0,45.0
2026-05-06,गोलभेडा सानो(लोकल),के.जी.,52.0,60.0,56.0
2026-05-06,घिउ सिमी(राजमा),केजी,90.0,100.0,95.0
2026-05-06,घिउ सिमी(लोकल),के.जी.,65.0,85.0,75.71
2026-05-06,घिउ सिमी(हाइब्रीड),केजी,80.0,100.0,86.67
2026-05-06,घिरौला,के.जी.,50.0,60.0,55.0
2026-05-06,चमसूरको साग,के.जी.,80.0,100.0,87.5
2026-05-06,चिचिण्डो,के.जी.,25.0,30.0,27.5
2026-05-06,चुकुन्दर,के.जी.,55.0,70.0,62.5
2026-05-06,च्याउ(कन्य),के.जी.,210.0,240.0,222.5
2026-05-06,च्याउ(डल्ले),के जी,350.0,400.0,375.0
2026-05-06,जिरीको साग,के.जी.,90.0,100.0,95.0
2026-05-06,तरुल,के.जी.,70.0,90.0,80.0
2026-05-06,तामा,के.जी.,130.0,150.0,140.0
2026-05-06,तितो करेला,के.जी.,25.0,40.0,32.5
2026-05-06,तोफु,के.जी.,130.0,150.0,140.0
2026-05-06,तोरीको साग,के.जी.,20.0,30.0,25.0
2026-05-06,नासपाती(चाइनिज),केजी,230.0,250.0,240.0
2026-05-06,न्यूरो,के.जी.,80.0,100.0,90.0
2026-05-06,परवर(तराई),केजी,60.0,70.0,65.0
2026-05-06,परवर(लोकल),के.जी.,70.0,80.0,75.0
2026-05-06,पार्सले,के.जी.,250.0,300.0,275.0
2026-05-06,पालूगो साग,के.जी.,80.0,100.0,90.0
2026-05-06,पिंडालू,के.जी.,40.0,50.0,45.0
2026-05-06,पुदीना,के.जी.,90.0,110.0,100.0
2026-05-06,प्याज सुकेको (भारतीय),के.जी.,38.0,42.0,39.67
2026-05-06,प्याज हरियो,के.जी.,100.0,150.0,125.0
2026-05-06,फर्सी पाकेको,के.जी.,55.0,60.0,57.5
2026-05-06,फर्सी हरियो(लाम्चो),के.जी.,40.0,50.0,46.25
2026-05-06,बन्दा(लोकल),के.जी.,30.0,40.0,34.17
2026-05-06,बोडी(तने),के.जी.,90.0,110.0,102.5
2026-05-06,ब्रोकाउली,के.जी.,80.0,100.0,92.75
2026-05-06,भटमासकोशा,के.जी.,150.0,170.0,160.0
2026-05-06,भन्टा डल्लो,के.जी.,60.0,70.0,65.0
2026-05-06,भन्टा लाम्चो,के.जी.,45.0,55.0,50.0
2026-05-06,भिण्डी,के.जी.,70.0,80.0,73.33
2026-05-06,भेडे खु्र्सानी,के.जी.,50.0,70.0,60.0
2026-05-06,मकै बोडी,केजी,80.0,90.0,85.0
2026-05-06,मटरकोशा,के.जी.,50.0,60.0,55.0
2026-05-06,मूला सेतो(लोकल),के.जी.,15.0,20.0,17.5
2026-05-06,मेथीको साग,के.जी.,80.0,100.0,87.5
2026-05-06,राजा च्याउ,के.जी.,300.0,320.0,306.67
2026-05-06,रातो बन्दा,के.जी.,40.0,60.0,50.0
2026-05-06,रायो साग,के.जी.,80.0,100.0,90.0
2026-05-06,लसुन सुकेको चाइनिज,के.जी.,180.0,200.0,190.0
2026-05-06,लसुन सुकेको नेपाली,के.जी.,80.0,100.0,90.0
2026-05-06,लसुन हरियो,के.जी.,190.0,200.0,195.0
2026-05-06,लौका,के.जी.,40.0,50.0,45.0
2026-05-06,सखरखण्ड,के.जी.,60.0,75.0,67.5
2026-05-06,सजिवन,के.जी.,120.0,140.0,126.67
2026-05-06,सिताके च्याउ,के.जी.,800.0,1000.0,866.67
2026-05-06,सेतो मूला(हाइब्रीड),केजी,15.0,20.0,17.5
2026-05-06,सेलरी,के.जी.,110.0,130.0,120.0
2026-05-06,सौफको साग,के.जी.,90.0,100.0,95.0
2026-05-06,स्कूस,के.जी.,50.0,55.0,52.5
2026-05-06,स्थानीय काउली(ज्यापु),केजी,70.0,80.0,75.0
2026-05-06,हरियो धनिया,के.जी.,40.0,80.0,58.75
2026-05-06,हरियो फर्सी(डल्लो),केजी,30.0,50.0,39.0
2026-05-07,अदुवा,के.जी.,80.0,100.0,90.0
2026-05-07,आलु रातो(भारतीय),के जी,20.0,24.0,22.25
2026-05-07,आलु रातो(लाम्चो),के.जी.,22.0,28.0,24.25
2026-05-07,इमली,के.जी.,170.0,180.0,175.0
2026-05-07,काउली स्थानिय,के.जी.,40.0,50.0,45.0
2026-05-07,काक्रो(लोकल),के.जी.,60.0,70.0,65.0
2026-05-07,काक्रो(लोकलक्रस),के.जी.,60.0,80.0,71.25
2026-05-07,काक्रो(हाइब्रीड),के जी,40.0,50.0,46.25
2026-05-07,कुरीलो,के.जी.,400.0,500.0,450.0
2026-05-07,कोइरालो,के.जी.,300.0,350.0,325.0
2026-05-07,खुर्सानी हरियो(अकबरे),के जी,500.0,600.0,550.0
2026-05-07,खुर्सानी हरियो(माछे),के जी,50.0,60.0,55.0
2026-05-07,खुर्सानी हरियो(लाम्चो),के जी,100.0,120.0,111.67
2026-05-07,खु्र्सानी सुकेको,के.जी.,400.0,450.0,425.0
2026-05-07,गाजर(तराई),केजी,28.0,40.0,34.0
2026-05-07,गाजर(लोकल),के.जी.,45.0,60.0,52.5
2026-05-07,गान्टे मूला,के.जी.,40.0,50.0,45.0
2026-05-07,गुन्दुक,के.जी.,250.0,300.0,275.0
2026-05-07,गोलभेडा ठूलो(भारतीय),केजी,85.0,95.0,90.0
2026-05-07,गोलभेडा सानो(तराई),के जी,40.0,50.0,45.0
2026-05-07,गोलभेडा सानो(भारतीय),के जी,45.0,50.0,47.5
2026-05-07,गोलभेडा सानो(लोकल),के.जी.,50.0,65.0,58.0
2026-05-07,घिउ सिमी(राजमा),केजी,80.0,100.0,90.0
2026-05-07,घिउ सिमी(लोकल),के.जी.,70.0,90.0,80.0
2026-05-07,घिउ सिमी(हाइब्रीड),केजी,80.0,90.0,85.0
2026-05-07,घिरौला,के.जी.,60.0,75.0,68.0
2026-05-07,चमसूरको साग,के.जी.,100.0,120.0,110.0
2026-05-07,चुकुन्दर,के.जी.,55.0,65.0,58.75
2026-05-07,च्याउ(कन्य),के.जी.,230.0,260.0,248.0
2026-05-07,च्याउ(डल्ले),के जी,350.0,400.0,375.0
2026-05-07,जिरीको साग,के.जी.,90.0,100.0,95.0
2026-05-07,झिगूनी,के.जी.,70.0,80.0,75.0
2026-05-07,तामा,के.जी.,130.0,150.0,140.0
2026-05-07,तितो करेला,के.जी.,30.0,50.0,38.33
2026-05-07,तोफु,के.जी.,130.0,150.0,140.0
2026-05-07,तोरीको साग,के.जी.,25.0,35.0,30.0
2026-05-07,नासपाती(चाइनिज),केजी,220.0,250.0,235.0
2026-05-07,न्यूरो,के.जी.,80.0,100.0,90.0
2026-05-07,परवर(तराई),केजी,60.0,70.0,65.0
2026-05-07,परवर(लोकल),के.जी.,70.0,80.0,75.0
2026-05-07,पार्सले,के.जी.,250.0,300.0,275.0
2026-05-07,पालूगो साग,के.जी.,90.0,100.0,95.0
2026-05-07,पिंडालू,के.जी.,40.0,50.0,45.0
2026-05-07,पुदीना,के.जी.,90.0,110.0,100.0
2026-05-07,प्याज सुकेको (भारतीय),के.जी.,39.0,42.0,40.5
2026-05-07,प्याज हरियो,के.जी.,100.0,150.0,123.33
2026-05-07,फर्सी पाकेको,के.जी.,50.0,60.0,55.0
2026-05-07,फर्सी हरियो(लाम्चो),के.जी.,40.0,50.0,45.0
2026-05-07,बन्दा(लोकल),के.जी.,30.0,40.0,33.33
2026-05-07,बोडी(तने),के.जी.,100.0,120.0,110.0
2026-05-07,ब्रोकाउली,के.जी.,90.0,110.0,100.0
2026-05-07,भटमासकोशा,के.जी.,150.0,170.0,162.5
2026-05-07,भन्टा डल्लो,के.जी.,60.0,80.0,70.0
2026-05-07,भन्टा लाम्चो,के.जी.,50.0,65.0,59.17
2026-05-07,भिण्डी,के.जी.,70.0,80.0,75.0
2026-05-07,भेडे खु्र्सानी,के.जी.,50.0,70.0,62.0
2026-05-07,मकै बोडी,केजी,80.0,90.0,85.0
2026-05-07,मटरकोशा,के.जी.,50.0,60.0,55.0
2026-05-07,मेथीको साग,के.जी.,90.0,100.0,95.0
2026-05-07,राजा च्याउ,के.जी.,300.0,320.0,310.0
2026-05-07,रातो बन्दा,के.जी.,40.0,60.0,50.0
2026-05-07,रायो साग,के.जी.,70.0,80.0,75.0
2026-05-07,लसुन सुकेको चाइनिज,के.जी.,170.0,190.0,180.0
2026-05-07,लसुन सुकेको नेपाली,के.जी.,80.0,90.0,85.0
2026-05-07,लसुन हरियो,के.जी.,190.0,200.0,195.0
2026-05-07,लौका,के.जी.,45.0,60.0,51.67
2026-05-07,सखरखण्ड,के.जी.,65.0,75.0,70.0
2026-05-07,सजिवन,के.जी.,130.0,150.0,140.0
2026-05-07,सिताके च्याउ,के.जी.,800.0,1000.0,900.0
2026-05-07,सेतो मूला(हाइब्रीड),केजी,15.0,20.0,17.5
2026-05-07,सेलरी,के.जी.,100.0,120.0,110.0
2026-05-07,सौफको साग,के.जी.,90.0,100.0,95.0
2026-05-07,स्कूस,के.जी.,50.0,60.0,55.0
2026-05-07,स्थानीय काउली(ज्यापु),केजी,50.0,60.0,55.0
2026-05-07,हरियो धनिया,के.जी.,50.0,80.0,60.0
2026-05-07,हरियो फर्सी(डल्लो),केजी,30.0,50.0,39.29
2026-05-08,अदुवा,के.जी.,80.0,100.0,90.0
2026-05-08,आलु रातो(भारतीय),के जी,22.0,23.0,22.5
2026-05-08,आलु रातो(लाम्चो),के.जी.,22.0,28.0,25.0
2026-05-08,इमली,के.जी.,170.0,180.0,175.0
2026-05-08,काउली स्थानिय,के.जी.,50.0,60.0,55.0
2026-05-08,काक्रो(लोकल),के.जी.,70.0,80.0,73.33
2026-05-08,काक्रो(लोकलक्रस),के.जी.,60.0,70.0,65.0
2026-05-08,काक्रो(हाइब्रीड),के जी,40.0,50.0,45.0
2026-05-08,कुरीलो,के.जी.,400.0,500.0,450.0
2026-05-08,कोइरालो,के.जी.,300.0,350.0,325.0
2026-05-08,खुर्सानी हरियो(अकबरे),के जी,500.0,600.0,550.0
2026-05-08,खुर्सानी हरियो(बुलेट),के जी,90.0,100.0,95.0
2026-05-08,खुर्सानी हरियो(माछे),के जी,50.0,60.0,55.0
2026-05-08,खुर्सानी हरियो(लाम्चो),के जी,90.0,100.0,95.0
2026-05-08,खु्र्सानी सुकेको,के.जी.,400.0,450.0,425.0
2026-05-08,गाजर(तराई),केजी,25.0,35.0,30.0
2026-05-08,गाजर(लोकल),के.जी.,45.0,60.0,52.5
2026-05-08,गान्टे मूला,के.जी.,40.0,50.0,45.0
2026-05-08,गुन्दुक,के.जी.,250.0,300.0,275.0
2026-05-08,गोलभेडा ठूलो(भारतीय),केजी,85.0,95.0,90.0
2026-05-08,गोलभेडा सानो(तराई),के जी,50.0,60.0,55.0
2026-05-08,गोलभेडा सानो(लोकल),के.जी.,55.0,60.0,57.5
2026-05-08,घिउ सिमी(राजमा),केजी,90.0,100.0,95.0
2026-05-08,घिउ सिमी(लोकल),के.जी.,90.0,100.0,95.0
2026-05-08,घिउ सिमी(हाइब्रीड),केजी,80.0,90.0,85.0
2026-05-08,घिरौला,के.जी.,70.0,80.0,75.0
2026-05-08,चमसूरको साग,के.जी.,100.0,120.0,110.0
2026-05-08,चुकुन्दर,के.जी.,55.0,65.0,60.0
2026-05-08,च्याउ(कन्य),के.जी.,220.0,260.0,240.0
2026-05-08,च्याउ(डल्ले),के जी,400.0,450.0,425.0
2026-05-08,जिरीको साग,के.जी.,90.0,100.0,95.0
2026-05-08,झिगूनी,के.जी.,70.0,80.0,75.0
2026-05-08,तामा,के.जी.,130.0,150.0,140.0
2026-05-08,तितो करेला,के.जी.,40.0,60.0,50.0
2026-05-08,तोफु,के.जी.,130.0,150.0,140.0
2026-05-08,तोरीको साग,के.जी.,25.0,35.0,30.0
2026-05-08,नासपाती(चाइनिज),केजी,220.0,250.0,235.0
2026-05-08,न्यूरो,के.जी.,80.0,100.0,90.0
2026-05-08,परवर(तराई),केजी,60.0,75.0,67.5
2026-05-08,परवर(लोकल),के.जी.,80.0,90.0,85.0
2026-05-08,पार्सले,के.जी.,250.0,300.0,275.0
2026-05-08,पालूगो साग,के.जी.,90.0,100.0,95.0
2026-05-08,पिंडालू,के.जी.,40.0,50.0,45.0
2026-05-08,पुदीना,के.जी.,90.0,110.0,100.0
2026-05-08,प्याज सुकेको (भारतीय),के.जी.,38.0,40.0,39.0
2026-05-08,प्याज हरियो,के.जी.,130.0,150.0,140.0
2026-05-08,फर्सी पाकेको,के.जी.,50.0,60.0,55.0
2026-05-08,फर्सी हरियो(लाम्चो),के.जी.,40.0,40.0,40.0
2026-05-08,बन्दा(लोकल),के.जी.,25.0,35.0,30.0
2026-05-08,बोडी(तने),के.जी.,100.0,130.0,115.0
2026-05-08,ब्रोकाउली,के.जी.,90.0,110.0,100.0
2026-05-08,भटमासकोशा,के.जी.,160.0,170.0,165.0
2026-05-08,भन्टा डल्लो,के.जी.,70.0,80.0,75.0
2026-05-08,भन्टा लाम्चो,के.जी.,50.0,60.0,55.0
2026-05-08,भिण्डी,के.जी.,80.0,90.0,85.0
2026-05-08,भेडे खु्र्सानी,के.जी.,50.0,80.0,65.0
2026-05-08,मटरकोशा,के.जी.,50.0,60.0,55.0
2026-05-08,मेथीको साग,के.जी.,90.0,100.0,95.0
2026-05-08,राजा च्याउ,के.जी.,300.0,320.0,310.0
2026-05-08,रातो बन्दा,के.जी.,40.0,60.0,50.0
2026-05-08,रायो साग,के.जी.,60.0,80.0,70.0
2026-05-08,लसुन सुकेको चाइनिज,के.जी.,170.0,190.0,180.0
2026-05-08,लसुन सुकेको नेपाली,के.जी.,80.0,90.0,85.0
2026-05-08,लसुन हरियो,के.जी.,180.0,200.0,190.0
2026-05-08,लौका,के.जी.,50.0,60.0,55.0
2026-05-08,सखरखण्ड,के.जी.,65.0,75.0,70.0
2026-05-08,सजिवन,के.जी.,130.0,150.0,140.0
2026-05-08,सिताके च्याउ,के.जी.,800.0,1000.0,900.0
2026-05-08,सेतो मूला(हाइब्रीड),केजी,20.0,30.0,25.0
2026-05-08,सेलरी,के.जी.,100.0,120.0,110.0
2026-05-08,सौफको साग,के.जी.,90.0,100.0,95.0
2026-05-08,स्कूस,के.जी.,55.0,60.0,57.5
2026-05-08,हरियो धनिया,के.जी.,50.0,80.0,65.0
2026-05-08,हरियो फर्सी(डल्लो),केजी,30.0,50.0,40.0
2026-05-09,अदुवा,के.जी.,60.0,100.0,80.0
2026-05-09,आलु रातो(भारतीय),के जी,24.0,25.0,24.5
2026-05-09,आलु रातो(लाम्चो),के.जी.,22.0,28.0,25.0
2026-05-09,इमली,के.जी.,170.0,180.0,175.0
2026-05-09,काउली स्थानिय,के.जी.,50.0,60.0,55.0
2026-05-09,काक्रो(लोकल),के.जी.,50.0,80.0,65.0
2026-05-09,काक्रो(लोकलक्रस),के.जी.,60.0,70.0,65.0
2026-05-09,काक्रो(हाइब्रीड),के जी,40.0,50.0,45.0
2026-05-09,कुरीलो,के.जी.,300.0,400.0,350.0
2026-05-09,कोइरालो,के.जी.,300.0,350.0,316.67
2026-05-09,खुर्सानी हरियो(अकबरे),के जी,500.0,600.0,550.0
2026-05-09,खुर्सानी हरियो(बुलेट),के जी,90.0,100.0,95.0
2026-05-09,खुर्सानी हरियो(माछे),के जी,60.0,70.0,65.0
2026-05-09,खुर्सानी हरियो(लाम्चो),के जी,90.0,100.0,95.0
2026-05-09,खु्र्सानी सुकेको,के.जी.,400.0,450.0,425.0
2026-05-09,गाजर(तराई),केजी,25.0,35.0,30.0
2026-05-09,गाजर(लोकल),के.जी.,45.0,60.0,52.5
2026-05-09,गान्टे मूला,के.जी.,40.0,50.0,45.0
2026-05-09,गुन्दुक,के.जी.,250.0,300.0,275.0
2026-05-09,गोलभेडा ठूलो(भारतीय),केजी,85.0,95.0,90.0
2026-05-09,गोलभेडा सानो(तराई),के जी,55.0,60.0,57.5
2026-05-09,गोलभेडा सानो(लोकल),के.जी.,55.0,70.0,62.5
2026-05-09,घिउ सिमी(राजमा),केजी,90.0,100.0,95.0
2026-05-09,घिउ सिमी(लोकल),के.जी.,90.0,100.0,95.0
2026-05-09,घिउ सिमी(हाइब्रीड),केजी,80.0,90.0,85.0
2026-05-09,घिरौला,के.जी.,60.0,70.0,65.0
2026-05-09,चिचिण्डो,के.जी.,35.0,40.0,37.5
2026-05-09,चुकुन्दर,के.जी.,55.0,65.0,60.0
2026-05-09,च्याउ(कन्य),के.जी.,220.0,260.0,240.0
2026-05-09,च्याउ(डल्ले),के जी,400.0,450.0,425.0
2026-05-09,जिरीको साग,के.जी.,90.0,100.0,95.0
2026-05-09,झिगूनी,के.जी.,70.0,80.0,75.0
2026-05-09,तामा,के.जी.,130.0,150.0,140.0
2026-05-09,तितो करेला,के.जी.,40.0,50.0,45.0
2026-05-09,तोफु,के.जी.,130.0,150.0,140.0
2026-05-09,तोरीको साग,के.जी.,25.0,35.0,28.33
2026-05-09,नासपाती(चाइनिज),केजी,220.0,250.0,235.0
2026-05-09,न्यूरो,के.जी.,90.0,110.0,100.0
2026-05-09,परवर(तराई),केजी,75.0,80.0,77.5
2026-05-09,परवर(लोकल),के.जी.,80.0,90.0,85.0
2026-05-09,पार्सले,के.जी.,250.0,300.0,275.0
2026-05-09,पालूगो साग,के.जी.,90.0,100.0,95.0
2026-05-09,पिंडालू,के.जी.,40.0,50.0,45.0
2026-05-09,पुदीना,के.जी.,50.0,90.0,70.0
2026-05-09,प्याज सुकेको (भारतीय),के.जी.,38.0,40.0,39.0
2026-05-09,प्याज हरियो,के.जी.,180.0,200.0,190.0
2026-05-09,फर्सी पाकेको,के.जी.,50.0,60.0,55.0
2026-05-09,फर्सी हरियो(लाम्चो),के.जी.,40.0,50.0,45.0
2026-05-09,बन्दा(लोकल),के.जी.,25.0,35.0,30.0
2026-05-09,बोडी(तने),के.जी.,110.0,120.0,115.0
2026-05-09,ब्रोकाउली,के.जी.,90.0,100.0,95.0
2026-05-09,भटमासकोशा,के.जी.,140.0,150.0,145.0
2026-05-09,भन्टा डल्लो,के.जी.,70.0,80.0,75.0
2026-05-09,भन्टा लाम्चो,के.जी.,50.0,60.0,55.0
2026-05-09,भिण्डी,के.जी.,70.0,80.0,75.0
2026-05-09,भेडे खु्र्सानी,के.जी.,70.0,80.0,75.0
2026-05-09,मटरकोशा,के.जी.,40.0,50.0,45.0
2026-05-09,मेथीको साग,के.जी.,90.0,100.0,95.0
2026-05-09,राजा च्याउ,के.जी.,300.0,320.0,310.0
2026-05-09,रातो बन्दा,के.जी.,40.0,60.0,50.0
2026-05-09,रायो साग,के.जी.,60.0,100.0,80.0
2026-05-09,लसुन सुकेको चाइनिज,के.जी.,180.0,200.0,190.0
2026-05-09,लसुन सुकेको नेपाली,के.जी.,80.0,90.0,85.0
2026-05-09,लसुन हरियो,के.जी.,180.0,200.0,190.0
2026-05-09,लौका,के.जी.,50.0,60.0,55.0
2026-05-09,सखरखण्ड,के.जी.,75.0,80.0,77.5
2026-05-09,सजिवन,के.जी.,130.0,150.0,140.0
2026-05-09,सिताके च्याउ,के.जी.,800.0,1000.0,900.0
2026-05-09,सेतो मूला(हाइब्रीड),केजी,20.0,30.0,25.0
2026-05-09,सेलरी,के.जी.,100.0,120.0,110.0
2026-05-09,सौफको साग,के.जी.,90.0,100.0,95.0
2026-05-09,स्कूस,के.जी.,55.0,60.0,57.5
2026-05-09,हरियो फर्सी(डल्लो),केजी,30.0,50.0,40.0
2026-05-10,अदुवा,के.जी.,100.0,120.0,114.0
2026-05-10,आलु रातो(भारतीय),के जी,22.0,24.0,23.0
2026-05-10,आलु रातो(लाम्चो),के.जी.,22.0,28.0,25.63
2026-05-10,इमली,के.जी.,170.0,180.0,175.0
2026-05-10,काउली स्थानिय,के.जी.,40.0,60.0,50.0
2026-05-10,काक्रो(लोकल),के.जी.,55.0,75.0,68.0
2026-05-10,काक्रो(लोकलक्रस),के.जी.,65.0,80.0,72.5
2026-05-10,काक्रो(हाइब्रीड),के जी,40.0,50.0,45.0
2026-05-10,कुरीलो,के.जी.,400.0,450.0,416.67
2026-05-10,कोइरालो,के.जी.,320.0,350.0,335.0
2026-05-10,खुर्सानी हरियो(अकबरे),के जी,500.0,600.0,550.0
2026-05-10,खुर्सानी हरियो(बुलेट),के जी,70.0,85.0,77.5
2026-05-10,खुर्सानी हरियो(माछे),के जी,60.0,70.0,65.0
2026-05-10,खुर्सानी हरियो(लाम्चो),के जी,80.0,100.0,90.0
2026-05-10,खु्र्सानी सुकेको,के.जी.,400.0,450.0,425.0
2026-05-10,गाजर(लोकल),के.जी.,45.0,60.0,52.5
2026-05-10,गान्टे मूला,के.जी.,40.0,50.0,45.0
2026-05-10,गुन्दुक,के.जी.,250.0,300.0,275.0
2026-05-10,गोलभेडा ठूलो(भारतीय),केजी,80.0,90.0,85.0
2026-05-10,गोलभेडा सानो(तराई),के जी,42.0,55.0,49.25
2026-05-10,गोलभेडा सानो(भारतीय),के जी,45.0,60.0,51.25
2026-05-10,गोलभेडा सानो(लोकल),के.जी.,61.0,70.0,65.67
2026-05-10,घिउ सिमी(राजमा),केजी,90.0,100.0,95.0
2026-05-10,घिउ सिमी(लोकल),के.जी.,90.0,110.0,100.0
2026-05-10,घिउ सिमी(हाइब्रीड),केजी,70.0,90.0,80.0
2026-05-10,घिरौला,के.जी.,50.0,65.0,58.33
2026-05-10,चमसूरको साग,के.जी.,90.0,100.0,95.0
2026-05-10,चिचिण्डो,के.जी.,30.0,50.0,38.75
2026-05-10,चुकुन्दर,के.जी.,55.0,65.0,60.0
2026-05-10,च्याउ(कन्य),के.जी.,220.0,260.0,240.0
2026-05-10,च्याउ(डल्ले),के जी,480.0,530.0,505.0
2026-05-10,छ्यापी सुकेको,के.जी.,120.0,160.0,143.33
2026-05-10,जिरीको साग,के.जी.,90.0,100.0,95.0
2026-05-10,झिगूनी,के.जी.,70.0,80.0,75.0
2026-05-10,तामा,के.जी.,130.0,150.0,140.0
2026-05-10,तितो करेला,के.जी.,35.0,50.0,42.5
2026-05-10,तोफु,के.जी.,130.0,150.0,140.0
2026-05-10,तोरीको साग,के.जी.,25.0,35.0,30.0
2026-05-10,नासपाती(चाइनिज),केजी,230.0,250.0,240.0
2026-05-10,न्यूरो,के.जी.,80.0,100.0,90.0
2026-05-10,परवर(तराई),केजी,60.0,70.0,65.0
2026-05-10,परवर(लोकल),के.जी.,70.0,80.0,75.0
2026-05-10,पार्सले,के.जी.,250.0,300.0,275.0
2026-05-10,पालूगो साग,के.जी.,90.0,100.0,95.0
2026-05-10,पिंडालू,के.जी.,40.0,50.0,45.0
2026-05-10,पुदीना,के.जी.,90.0,110.0,100.0
2026-05-10,प्याज सुकेको (भारतीय),के.जी.,38.0,40.0,39.0
2026-05-10,प्याज हरियो,के.जी.,150.0,190.0,168.33
2026-05-10,फर्सी पाकेको,के.जी.,50.0,60.0,55.0
2026-05-10,फर्सी हरियो(लाम्चो),के.जी.,35.0,50.0,42.5
2026-05-10,बन्दा(लोकल),के.जी.,25.0,35.0,28.33
2026-05-10,बोडी(तने),के.जी.,90.0,120.0,103.33
2026-05-10,ब्रोकाउली,के.जी.,100.0,120.0,110.0
2026-05-10,भटमासकोशा,के.जी.,140.0,160.0,150.0
2026-05-10,भन्टा डल्लो,के.जी.,60.0,70.0,65.0
2026-05-10,भन्टा लाम्चो,के.जी.,45.0,60.0,51.25
2026-05-10,भिण्डी,के.जी.,60.0,70.0,65.0
2026-05-10,भेडे खु्र्सानी,के.जी.,60.0,80.0,67.5
2026-05-10,मकै बोडी,केजी,80.0,90.0,85.0
2026-05-10,मटरकोशा,के.जी.,40.0,50.0,45.0
2026-05-10,मेथीको साग,के.जी.,90.0,100.0,95.0
2026-05-10,राजा च्याउ,के.जी.,300.0,320.0,310.0
2026-05-10,रातो बन्दा,के.जी.,45.0,60.0,51.25
2026-05-10,रायो साग,के.जी.,70.0,100.0,85.0
2026-05-10,लसुन सुकेको चाइनिज,के.जी.,175.0,190.0,184.17
2026-05-10,लसुन सुकेको नेपाली,के.जी.,90.0,120.0,105.0
2026-05-10,लसुन हरियो,के.जी.,180.0,200.0,188.75
2026-05-10,लौका,के.जी.,45.0,60.0,52.5
2026-05-10,सखरखण्ड,के.जी.,70.0,75.0,72.5
2026-05-10,सजिवन,के.जी.,100.0,120.0,112.5
2026-05-10,सिताके च्याउ,के.जी.,800.0,1000.0,900.0
2026-05-10,सेतो मूला(हाइब्रीड),केजी,15.0,25.0,20.83
2026-05-10,सेलरी,के.जी.,100.0,120.0,110.0
2026-05-10,सौफको साग,के.जी.,90.0,100.0,95.0
2026-05-10,स्कूस,के.जी.,45.0,55.0,51.25
2026-05-10,हरियो धनिया,के.जी.,50.0,60.0,55.0
2026-05-10,हरियो फर्सी(डल्लो),केजी,35.0,50.0,42.5
2026-05-11,अदुवा,के.जी.,120.0,140.0,130.0
2026-05-11,आलु रातो(भारतीय),के जी,22.0,25.0,23.33
2026-05-11,आलु रातो(लाम्चो),के.जी.,23.0,28.0,25.5
2026-05-11,इमली,के.जी.,170.0,180.0,175.0
2026-05-11,काउली तराई,के.जी.,30.0,40.0,35.0
2026-05-11,काउली स्थानिय,के.जी.,40.0,60.0,49.17
2026-05-11,काक्रो(लोकल),के.जी.,60.0,80.0,70.0
2026-05-11,काक्रो(लोकलक्रस),के.जी.,60.0,80.0,70.91
2026-05-11,काक्रो(हाइब्रीड),के जी,30.0,40.0,36.25
2026-05-11,कुरीलो,के.जी.,350.0,450.0,400.0
2026-05-11,खुर्सानी हरियो(अकबरे),के जी,500.0,550.0,525.0
2026-05-11,खुर्सानी हरियो(बुलेट),के जी,70.0,80.0,75.0
2026-05-11,खुर्सानी हरियो(माछे),के जी,60.0,70.0,65.0
2026-05-11,खुर्सानी हरियो(लाम्चो),के जी,80.0,100.0,90.0
2026-05-11,खु्र्सानी सुकेको,के.जी.,400.0,450.0,425.0
2026-05-11,गाजर(लोकल),के.जी.,45.0,60.0,52.5
2026-05-11,गान्टे मूला,के.जी.,40.0,50.0,45.0
2026-05-11,गुन्दुक,के.जी.,250.0,300.0,275.0
2026-05-11,गोलभेडा ठूलो(भारतीय),केजी,80.0,90.0,85.0
2026-05-11,गोलभेडा सानो(तराई),के जी,50.0,60.0,56.25
2026-05-11,गोलभेडा सानो(भारतीय),के जी,50.0,60.0,55.0
2026-05-11,गोलभेडा सानो(लोकल),के.जी.,60.0,70.0,65.88
2026-05-11,घिउ सिमी(राजमा),केजी,80.0,100.0,90.0
2026-05-11,घिउ सिमी(लोकल),के.जी.,90.0,110.0,100.0
2026-05-11,घिउ सिमी(हाइब्रीड),केजी,70.0,90.0,80.0
2026-05-11,घिरौला,के.जी.,80.0,100.0,86.0
2026-05-11,चमसूरको साग,के.जी.,80.0,100.0,90.0
2026-05-11,चिचिण्डो,के.जी.,35.0,55.0,45.0
2026-05-11,चुकुन्दर,के.जी.,55.0,65.0,60.0
2026-05-11,च्याउ(कन्य),के.जी.,220.0,260.0,237.5
2026-05-11,च्याउ(डल्ले),के जी,400.0,450.0,427.5
2026-05-11,छ्यापी सुकेको,के.जी.,110.0,150.0,130.0
2026-05-11,जिरीको साग,के.जी.,120.0,130.0,125.0
2026-05-11,झिगूनी,के.जी.,80.0,90.0,85.0
2026-05-11,तामा,के.जी.,130.0,150.0,140.0
2026-05-11,तितो करेला,के.जी.,50.0,70.0,60.0
2026-05-11,तोफु,के.जी.,130.0,150.0,140.0
2026-05-11,तोरीको साग,के.जी.,25.0,35.0,30.0
2026-05-11,नासपाती(चाइनिज),केजी,230.0,250.0,240.0
2026-05-11,परवर(तराई),केजी,60.0,70.0,65.0
2026-05-11,परवर(लोकल),के.जी.,70.0,80.0,75.0
2026-05-11,पार्सले,के.जी.,220.0,260.0,243.75
2026-05-11,पालूगो साग,के.जी.,80.0,100.0,90.0
2026-05-11,पिंडालू,के.जी.,45.0,50.0,47.5
2026-05-11,पुदीना,के.जी.,80.0,100.0,90.0
2026-05-11,प्याज सुकेको (भारतीय),के.जी.,38.0,40.0,39.0
2026-05-11,प्याज हरियो,के.जी.,100.0,140.0,120.0
2026-05-11,फर्सी पाकेको,के.जी.,50.0,60.0,55.0
2026-05-11,फर्सी हरियो(लाम्चो),के.जी.,35.0,50.0,42.5
2026-05-11,बन्दा(लोकल),के.जी.,25.0,35.0,30.0
2026-05-11,बोडी(तने),के.जी.,100.0,120.0,106.67
2026-05-11,ब्रोकाउली,के.जी.,120.0,140.0,128.0
2026-05-11,भटमासकोशा,के.जी.,140.0,165.0,153.75
2026-05-11,भन्टा डल्लो,के.जी.,60.0,75.0,67.5
2026-05-11,भन्टा लाम्चो,के.जी.,45.0,60.0,52.0
2026-05-11,भिण्डी,के.जी.,60.0,80.0,69.17
2026-05-11,भेडे खु्र्सानी,के.जी.,60.0,70.0,65.0
2026-05-11,मकै बोडी,केजी,70.0,95.0,82.5
2026-05-11,मटरकोशा,के.जी.,40.0,50.0,45.0
2026-05-11,मेथीको साग,के.जी.,55.0,80.0,66.25
2026-05-11,राजा च्याउ,के.जी.,300.0,320.0,310.0
2026-05-11,रातो आलु(गोलो),के जी,20.0,22.0,20.75
2026-05-11,रातो बन्दा,के.जी.,40.0,60.0,50.0
2026-05-11,रायो साग,के.जी.,70.0,90.0,77.5
2026-05-11,लसुन सुकेको चाइनिज,के.जी.,175.0,200.0,188.75
2026-05-11,लसुन सुकेको नेपाली,के.जी.,90.0,120.0,105.0
2026-05-11,लसुन हरियो,के.जी.,180.0,200.0,190.0
2026-05-11,लौका,के.जी.,40.0,60.0,48.75
2026-05-11,सखरखण्ड,के.जी.,70.0,75.0,72.5
2026-05-11,सजिवन,के.जी.,100.0,120.0,110.0
2026-05-11,सिताके च्याउ,के.जी.,800.0,1000.0,900.0
2026-05-11,सेतो मूला(हाइब्रीड),केजी,15.0,25.0,20.0
2026-05-11,सेलरी,के.जी.,90.0,110.0,100.0
2026-05-11,सौफको साग,के.जी.,80.0,90.0,85.0
2026-05-11,स्कूस,के.जी.,45.0,55.0,50.0
2026-05-11,हरियो धनिया,के.जी.,50.0,100.0,66.67
2026-05-11,हरियो फर्सी(डल्लो),केजी,35.0,50.0,42.5
2026-05-12,अदुवा,के.जी.,140.0,160.0,148.0
2026-05-12,आलु रातो(भारतीय),के जी,22.0,25.0,23.5
2026-05-12,आलु रातो(लाम्चो),के.जी.,23.0,28.0,25.5
2026-05-12,इमली,के.जी.,170.0,180.0,175.0
2026-05-12,काउली स्थानिय,के.जी.,50.0,65.0,56.25
2026-05-12,काक्रो(लोकल),के.जी.,55.0,70.0,64.17
2026-05-12,काक्रो(लोकलक्रस),के.जी.,60.0,75.0,67.5
2026-05-12,काक्रो(हाइब्रीड),के जी,20.0,35.0,26.25
2026-05-12,कुरीलो,के.जी.,350.0,450.0,400.0
2026-05-12,खुर्सानी हरियो(बुलेट),के जी,70.0,80.0,75.0
2026-05-12,खुर्सानी हरियो(माछे),के जी,60.0,70.0,65.0
2026-05-12,खुर्सानी हरियो(लाम्चो),के जी,75.0,90.0,82.5
2026-05-12,खु्र्सानी सुकेको,के.जी.,400.0,450.0,425.0
2026-05-12,गाजर(लोकल),के.जी.,45.0,60.0,52.5
2026-05-12,गान्टे मूला,के.जी.,40.0,50.0,45.0
2026-05-12,गुन्दुक,के.जी.,250.0,300.0,275.0
2026-05-12,गोलभेडा ठूलो(भारतीय),केजी,80.0,90.0,85.0
2026-05-12,गोलभेडा सानो(टनेल),के जी,80.0,90.0,83.75
2026-05-12,गोलभेडा सानो(तराई),के जी,55.0,65.0,60.0
2026-05-12,गोलभेडा सानो(भारतीय),के जी,55.0,65.0,60.0
2026-05-12,गोलभेडा सानो(लोकल),के.जी.,55.0,70.0,65.0
2026-05-12,घिउ सिमी(राजमा),केजी,80.0,100.0,90.0
2026-05-12,घिउ सिमी(लोकल),के.जी.,100.0,120.0,112.5
2026-05-12,घिउ सिमी(हाइब्रीड),केजी,80.0,100.0,90.0
2026-05-12,घिरौला,के.जी.,80.0,100.0,90.0
2026-05-12,चमसूरको साग,के.जी.,80.0,100.0,90.0
2026-05-12,चिचिण्डो,के.जी.,40.0,55.0,48.75
2026-05-12,चुकुन्दर,के.जी.,55.0,65.0,60.0
2026-05-12,च्याउ(कन्य),के.जी.,200.0,220.0,207.5
2026-05-12,च्याउ(डल्ले),के जी,400.0,450.0,427.5
2026-05-12,छ्यापी सुकेको,के.जी.,110.0,150.0,130.0
2026-05-12,जिरीको साग,के.जी.,120.0,130.0,125.0
2026-05-12,तामा,के.जी.,130.0,150.0,140.0
2026-05-12,तितो करेला,के.जी.,60.0,80.0,70.0
2026-05-12,तोफु,के.जी.,130.0,150.0,140.0
2026-05-12,तोरीको साग,के.जी.,25.0,35.0,30.0
2026-05-12,नासपाती(चाइनिज),केजी,230.0,250.0,240.0
2026-05-12,न्यूरो,के.जी.,70.0,80.0,75.0
2026-05-12,परवर(तराई),केजी,60.0,70.0,65.0
2026-05-12,परवर(लोकल),के.जी.,70.0,80.0,75.0
2026-05-12,पार्सले,के.जी.,220.0,260.0,240.0
2026-05-12,पालूगो साग,के.जी.,80.0,100.0,90.0
2026-05-12,पिंडालू,के.जी.,40.0,50.0,46.25
2026-05-12,पुदीना,के.जी.,80.0,100.0,90.0
2026-05-12,प्याज सुकेको (भारतीय),के.जी.,37.0,40.0,38.5
2026-05-12,प्याज हरियो,के.जी.,100.0,140.0,120.0
2026-05-12,फर्सी पाकेको,के.जी.,50.0,60.0,55.0
2026-05-12,फर्सी हरियो(लाम्चो),के.जी.,45.0,60.0,52.5
2026-05-12,बन्दा(लोकल),के.जी.,25.0,35.0,30.0
2026-05-12,बोडी(तने),के.जी.,100.0,110.0,105.0
2026-05-12,ब्रोकाउली,के.जी.,110.0,140.0,125.0
2026-05-12,भटमासकोशा,के.जी.,150.0,170.0,160.0
2026-05-12,भन्टा डल्लो,के.जी.,60.0,75.0,67.5
2026-05-12,भन्टा लाम्चो,के.जी.,55.0,65.0,60.0
2026-05-12,भिण्डी,के.जी.,65.0,80.0,73.33
2026-05-12,भेडे खु्र्सानी,के.जी.,60.0,70.0,65.0
2026-05-12,मकै बोडी,केजी,80.0,100.0,90.0
2026-05-12,मेथीको साग,के.जी.,55.0,80.0,67.5
2026-05-12,राजा च्याउ,के.जी.,300.0,320.0,310.0
2026-05-12,रातो आलु(गोलो),के जी,20.0,22.0,21.0
2026-05-12,रातो बन्दा,के.जी.,40.0,60.0,50.0
2026-05-12,रायो साग,के.जी.,80.0,100.0,90.0
2026-05-12,लसुन सुकेको चाइनिज,के.जी.,175.0,200.0,187.5
2026-05-12,लसुन सुकेको नेपाली,के.जी.,90.0,120.0,105.0
2026-05-12,लसुन हरियो,के.जी.,180.0,200.0,190.0
2026-05-12,लौका,के.जी.,50.0,60.0,55.0
2026-05-12,सखरखण्ड,के.जी.,70.0,75.0,72.5
2026-05-12,सजिवन,के.जी.,100.0,120.0,110.0
2026-05-12,सिताके च्याउ,के.जी.,800.0,1000.0,900.0
2026-05-12,सेतो मूला(हाइब्रीड),केजी,12.0,20.0,16.0
2026-05-12,सेलरी,के.जी.,90.0,110.0,100.0
2026-05-12,सौफको साग,के.जी.,80.0,90.0,85.0
2026-05-12,स्कूस,के.जी.,45.0,55.0,50.0
2026-05-12,हरियो धनिया,के.जी.,50.0,140.0,86.25
2026-05-12,हरियो फर्सी(डल्लो),केजी,35.0,50.0,42.5
2026-05-13,अदुवा,के.जी.,140.0,160.0,150.0
2026-05-13,आलु रातो(भारतीय),के जी,22.0,25.0,23.5
2026-05-13,आलु रातो(लाम्चो),के.जी.,23.0,28.0,25.5
2026-05-13,इमली,के.जी.,170.0,180.0,175.0
2026-05-13,काउली स्थानिय,के.जी.,50.0,60.0,54.17
2026-05-13,काक्रो(लोकल),के.जी.,60.0,70.0,65.83
2026-05-13,काक्रो(लोकलक्रस),के.जी.,55.0,70.0,63.57
2026-05-13,काक्रो(हाइब्रीड),के जी,25.0,35.0,30.0
2026-05-13,कुरीलो,के.जी.,300.0,400.0,350.0
2026-05-13,खुर्सानी हरियो(बुलेट),के जी,80.0,90.0,85.0
2026-05-13,खुर्सानी हरियो(माछे),के जी,50.0,70.0,60.0
2026-05-13,खुर्सानी हरियो(लाम्चो),के जी,80.0,100.0,90.0
2026-05-13,खु्र्सानी सुकेको,के.जी.,400.0,450.0,425.0
2026-05-13,गाजर(तराई),केजी,30.0,40.0,35.0
2026-05-13,गाजर(लोकल),के.जी.,45.0,60.0,52.5
2026-05-13,गान्टे मूला,के.जी.,40.0,50.0,45.0
2026-05-13,गुन्दुक,के.जी.,250.0,300.0,275.0
2026-05-13,गोलभेडा ठूलो(भारतीय),केजी,80.0,90.0,85.0
2026-05-13,गोलभेडा सानो(तराई),के जी,55.0,65.0,60.0
2026-05-13,गोलभेडा सानो(भारतीय),के जी,55.0,65.0,58.75
2026-05-13,गोलभेडा सानो(लोकल),के.जी.,60.0,72.0,64.5
2026-05-13,घिउ सिमी(राजमा),केजी,80.0,100.0,90.0
2026-05-13,घिउ सिमी(लोकल),के.जी.,100.0,120.0,110.0
2026-05-13,घिउ सिमी(हाइब्रीड),केजी,80.0,100.0,90.0
2026-05-13,घिरौला,के.जी.,90.0,100.0,95.0
2026-05-13,चमसूरको साग,के.जी.,80.0,100.0,90.0
2026-05-13,चिचिण्डो,के.जी.,35.0,45.0,40.0
2026-05-13,चुकुन्दर,के.जी.,55.0,65.0,60.0
2026-05-13,च्याउ(कन्य),के.जी.,170.0,200.0,185.0
2026-05-13,च्याउ(डल्ले),के जी,370.0,420.0,395.0
2026-05-13,जिरीको साग,के.जी.,120.0,130.0,125.0
2026-05-13,झिगूनी,के.जी.,80.0,90.0,85.0
2026-05-13,तामा,के.जी.,130.0,150.0,140.0
2026-05-13,तितो करेला,के.जी.,65.0,80.0,72.5
2026-05-13,तोफु,के.जी.,130.0,150.0,140.0
2026-05-13,तोरीको साग,के.जी.,25.0,35.0,30.0
2026-05-13,नासपाती(चाइनिज),केजी,230.0,250.0,240.0
2026-05-13,न्यूरो,के.जी.,70.0,80.0,75.0
2026-05-13,परवर(तराई),केजी,60.0,70.0,65.0
2026-05-13,परवर(लोकल),के.जी.,70.0,80.0,75.0
2026-05-13,पार्सले,के.जी.,220.0,260.0,240.0
2026-05-13,पालूगो साग,के.जी.,80.0,100.0,90.0
2026-05-13,पिंडालू,के.जी.,40.0,50.0,45.0
2026-05-13,पुदीना,के.जी.,80.0,100.0,90.0
2026-05-13,प्याज सुकेको (भारतीय),के.जी.,36.0,38.0,37.0
2026-05-13,प्याज हरियो,के.जी.,120.0,150.0,135.0
2026-05-13,फर्सी पाकेको,के.जी.,50.0,60.0,55.0
2026-05-13,फर्सी हरियो(लाम्चो),के.जी.,45.0,60.0,52.5
2026-05-13,बन्दा(लोकल),के.जी.,25.0,35.0,30.0
2026-05-13,बोडी(तने),के.जी.,100.0,120.0,107.5
2026-05-13,ब्रोकाउली,के.जी.,110.0,140.0,120.0
2026-05-13,भटमासकोशा,के.जी.,130.0,160.0,143.33
2026-05-13,भन्टा डल्लो,के.जी.,60.0,70.0,65.0
2026-05-13,भन्टा लाम्चो,के.जी.,50.0,60.0,55.0
2026-05-13,भिण्डी,के.जी.,60.0,80.0,71.25
2026-05-13,भेडे खु्र्सानी,के.जी.,50.0,70.0,60.0
2026-05-13,मकै बोडी,केजी,80.0,100.0,90.0
2026-05-13,मेथीको साग,के.जी.,55.0,80.0,67.5
2026-05-13,राजा च्याउ,के.जी.,300.0,320.0,310.0
2026-05-13,रातो आलु(गोलो),के जी,20.0,22.0,21.0
2026-05-13,रातो बन्दा,के.जी.,40.0,60.0,50.0
2026-05-13,रायो साग,के.जी.,80.0,100.0,90.0
2026-05-13,लसुन सुकेको चाइनिज,के.जी.,175.0,200.0,187.5
2026-05-13,लसुन सुकेको नेपाली,के.जी.,90.0,120.0,105.0
2026-05-13,लसुन हरियो,के.जी.,180.0,200.0,190.0
2026-05-13,लौका,के.जी.,35.0,55.0,43.7
2026-05-13,सखरखण्ड,के.जी.,70.0,75.0,72.5
2026-05-13,सजिवन,के.जी.,100.0,120.0,110.0
2026-05-13,सिताके च्याउ,के.जी.,800.0,1000.0,900.0
2026-05-13,सेतो मूला(हाइब्रीड),केजी,15.0,20.0,17.5
2026-05-13,सेलरी,के.जी.,90.0,110.0,100.0
2026-05-13,सौफको साग,के.जी.,80.0,90.0,83.33
2026-05-13,स्कूस,के.जी.,45.0,60.0,52.5
2026-05-13,हरियो धनिया,के.जी.,80.0,150.0,115.0
2026-05-13,हरियो फर्सी(डल्लो),केजी,40.0,50.0,45.0
2026-05-14,अदुवा,के.जी.,140.0,160.0,150.0
2026-05-14,आलु रातो(भारतीय),के जी,22.0,25.0,23.5
2026-05-14,आलु रातो(लाम्चो),के.जी.,23.0,28.0,25.5
2026-05-14,इमली,के.जी.,170.0,180.0,175.0
2026-05-14,काउली स्थानिय,के.जी.,50.0,65.0,57.5
2026-05-14,काक्रो(लोकल),के.जी.,60.0,70.0,65.0
2026-05-14,काक्रो(लोकलक्रस),के.जी.,50.0,60.0,55.0
2026-05-14,काक्रो(हाइब्रीड),के जी,20.0,30.0,25.0
2026-05-14,कुरीलो,के.जी.,300.0,400.0,350.0
2026-05-14,खुर्सानी हरियो(बुलेट),के जी,100.0,120.0,110.0
2026-05-14,खुर्सानी हरियो(माछे),के जी,70.0,80.0,75.0
2026-05-14,खुर्सानी हरियो(लाम्चो),के जी,100.0,120.0,110.0
2026-05-14,खु्र्सानी सुकेको,के.जी.,400.0,450.0,425.0
2026-05-14,गाजर(लोकल),के.जी.,45.0,60.0,52.5
2026-05-14,गान्टे मूला,के.जी.,40.0,60.0,50.0
2026-05-14,गुन्दुक,के.जी.,250.0,300.0,275.0
2026-05-14,गोलभेडा ठूलो(भारतीय),केजी,80.0,90.0,85.0
2026-05-14,गोलभेडा सानो(टनेल),के जी,78.0,91.0,84.28
2026-05-14,गोलभेडा सानो(तराई),के जी,60.0,70.0,65.0
2026-05-14,गोलभेडा सानो(भारतीय),के जी,60.0,70.0,65.25
2026-05-14,गोलभेडा सानो(लोकल),के.जी.,69.0,78.0,73.5
2026-05-14,घिउ सिमी(राजमा),केजी,90.0,100.0,95.0
2026-05-14,घिउ सिमी(लोकल),के.जी.,100.0,120.0,110.0
2026-05-14,घिउ सिमी(हाइब्रीड),केजी,80.0,100.0,90.0
2026-05-14,घिरौला,के.जी.,80.0,100.0,90.0
2026-05-14,चमसूरको साग,के.जी.,100.0,110.0,105.0
2026-05-14,चिचिण्डो,के.जी.,35.0,45.0,40.0
2026-05-14,चुकुन्दर,के.जी.,55.0,65.0,60.0
2026-05-14,च्याउ(कन्य),के.जी.,150.0,180.0,165.0
2026-05-14,च्याउ(डल्ले),के जी,400.0,450.0,425.0
2026-05-14,छ्यापी सुकेको,के.जी.,110.0,150.0,130.0
2026-05-14,जिरीको साग,के.जी.,100.0,110.0,105.0
2026-05-14,झिगूनी,के.जी.,80.0,90.0,85.0
2026-05-14,तामा,के.जी.,130.0,150.0,140.0
2026-05-14,तितो करेला,के.जी.,60.0,70.0,65.0
2026-05-14,तोफु,के.जी.,130.0,150.0,140.0
2026-05-14,तोरीको साग,के.जी.,25.0,35.0,30.0
2026-05-14,नासपाती(चाइनिज),केजी,230.0,250.0,240.0
2026-05-14,न्यूरो,के.जी.,70.0,80.0,75.0
2026-05-14,परवर(तराई),केजी,50.0,60.0,55.0
2026-05-14,परवर(लोकल),के.जी.,60.0,70.0,65.0
2026-05-14,पार्सले,के.जी.,250.0,280.0,265.0
2026-05-14,पालूगो साग,के.जी.,80.0,100.0,90.0
2026-05-14,पिंडालू,के.जी.,40.0,50.0,45.0
2026-05-14,पुदीना,के.जी.,80.0,100.0,90.0
2026-05-14,प्याज सुकेको (भारतीय),के.जी.,36.0,38.0,37.25
2026-05-14,प्याज हरियो,के.जी.,130.0,160.0,145.0
2026-05-14,फर्सी पाकेको,के.जी.,50.0,60.0,55.0
2026-05-14,फर्सी हरियो(लाम्चो),के.जी.,50.0,60.0,55.0
2026-05-14,बन्दा(लोकल),के.जी.,30.0,40.0,35.0
2026-05-14,बोडी(तने),के.जी.,100.0,120.0,110.0
2026-05-14,ब्रोकाउली,के.जी.,100.0,120.0,110.0
2026-05-14,भटमासकोशा,के.जी.,140.0,160.0,150.0
2026-05-14,भन्टा डल्लो,के.जी.,60.0,75.0,67.5
2026-05-14,भन्टा लाम्चो,के.जी.,50.0,65.0,57.5
2026-05-14,भिण्डी,के.जी.,55.0,65.0,60.0
2026-05-14,भेडे खु्र्सानी,के.जी.,60.0,70.0,65.0
2026-05-14,मकै बोडी,केजी,80.0,90.0,85.0
2026-05-14,मेथीको साग,के.जी.,80.0,90.0,85.0
2026-05-14,राजा च्याउ,के.जी.,300.0,320.0,310.0
2026-05-14,रातो आलु(गोलो),के जी,20.0,22.0,21.0
2026-05-14,रातो बन्दा,के.जी.,40.0,60.0,50.0
2026-05-14,रायो साग,के.जी.,70.0,90.0,80.0
2026-05-14,लसुन सुकेको चाइनिज,के.जी.,175.0,200.0,187.5
2026-05-14,लसुन सुकेको नेपाली,के.जी.,90.0,120.0,105.0
2026-05-14,लसुन हरियो,के.जी.,180.0,200.0,190.0
2026-05-14,लौका,के.जी.,35.0,55.0,45.0
2026-05-14,सखरखण्ड,के.जी.,70.0,75.0,72.5
2026-05-14,सजिवन,के.जी.,100.0,120.0,110.0
2026-05-14,सिताके च्याउ,के.जी.,800.0,1000.0,900.0
2026-05-14,सेतो मूला(हाइब्रीड),केजी,15.0,20.0,17.5
2026-05-14,सेलरी,के.जी.,100.0,120.0,110.0
2026-05-14,सौफको साग,के.जी.,90.0,100.0,95.0
2026-05-14,स्कूस,के.जी.,45.0,55.0,50.0
2026-05-14,हरियो धनिया,के.जी.,60.0,140.0,100.0
2026-05-14,हरियो फर्सी(डल्लो),केजी,50.0,60.0,55.0
2026-05-15,अदुवा,के.जी.,140.0,160.0,150.0
2026-05-15,आलु रातो(भारतीय),के जी,24.0,26.0,25.0
2026-05-15,आलु रातो(लाम्चो),के.जी.,24.0,29.0,26.5
2026-05-15,इमली,के.जी.,170.0,180.0,175.0
2026-05-15,काउली स्थानिय,के.जी.,45.0,60.0,53.75
2026-05-15,काक्रो(लोकल),के.जी.,40.0,60.0,48.33
2026-05-15,काक्रो(लोकलक्रस),के.जी.,30.0,50.0,42.5
2026-05-15,काक्रो(हाइब्रीड),के जी,20.0,30.0,25.0
2026-05-15,कुरीलो,के.जी.,300.0,400.0,337.5
2026-05-15,खुर्सानी हरियो(अकबरे),के जी,400.0,500.0,450.0
2026-05-15,खुर्सानी हरियो(बुलेट),के जी,90.0,100.0,95.0
2026-05-15,खुर्सानी हरियो(माछे),के जी,55.0,70.0,63.75
2026-05-15,खुर्सानी हरियो(लाम्चो),के जी,100.0,110.0,105.0
2026-05-15,खु्र्सानी सुकेको,के.जी.,400.0,450.0,425.0
2026-05-15,गाजर(लोकल),के.जी.,45.0,60.0,52.5
2026-05-15,गान्टे मूला,के.जी.,40.0,60.0,50.0
2026-05-15,गुन्दुक,के.जी.,250.0,300.0,275.0
2026-05-15,गोलभेडा ठूलो(भारतीय),केजी,70.0,80.0,75.0
2026-05-15,गोलभेडा सानो(टनेल),के जी,78.0,91.0,84.2
2026-05-15,गोलभेडा सानो(तराई),के जी,60.0,70.0,65.0
2026-05-15,गोलभेडा सानो(भारतीय),के जी,65.0,75.0,70.0
2026-05-15,गोलभेडा सानो(लोकल),के.जी.,60.0,78.0,70.43
2026-05-15,घिउ सिमी(राजमा),केजी,85.0,100.0,93.75
2026-05-15,घिउ सिमी(लोकल),के.जी.,100.0,120.0,112.5
2026-05-15,घिउ सिमी(हाइब्रीड),केजी,80.0,100.0,90.0
2026-05-15,घिरौला,के.जी.,65.0,75.0,70.0
2026-05-15,चमसूरको साग,के.जी.,100.0,110.0,105.0
2026-05-15,चिचिण्डो,के.जी.,40.0,50.0,45.0
2026-05-15,चुकुन्दर,के.जी.,55.0,65.0,60.0
2026-05-15,च्याउ(कन्य),के.जी.,150.0,180.0,160.0
2026-05-15,च्याउ(डल्ले),के जी,330.0,380.0,353.33
2026-05-15,जिरीको साग,के.जी.,100.0,110.0,105.0
2026-05-15,झिगूनी,के.जी.,80.0,90.0,85.0
2026-05-15,तामा,के.जी.,130.0,150.0,140.0
2026-05-15,तितो करेला,के.जी.,70.0,80.0,75.0
2026-05-15,तोफु,के.जी.,130.0,150.0,140.0
2026-05-15,तोरीको साग,के.जी.,25.0,35.0,30.0
2026-05-15,नासपाती(चाइनिज),केजी,230.0,250.0,240.0
2026-05-15,न्यूरो,के.जी.,70.0,80.0,75.0
2026-05-15,परवर(तराई),केजी,50.0,60.0,55.0
2026-05-15,परवर(लोकल),के.जी.,60.0,70.0,65.0
2026-05-15,पार्सले,के.जी.,250.0,280.0,265.0
2026-05-15,पालूगो साग,के.जी.,80.0,100.0,90.0
2026-05-15,पिंडालू,के.जी.,40.0,50.0,45.0
2026-05-15,पुदीना,के.जी.,80.0,100.0,90.0
2026-05-15,प्याज सुकेको (भारतीय),के.जी.,36.0,38.0,37.0
2026-05-15,प्याज हरियो,के.जी.,120.0,150.0,137.5
2026-05-15,फर्सी पाकेको,के.जी.,50.0,60.0,55.0
2026-05-15,फर्सी हरियो(लाम्चो),के.जी.,50.0,60.0,55.0
2026-05-15,बन्दा(लोकल),के.जी.,35.0,50.0,42.5
2026-05-15,बोडी(तने),के.जी.,90.0,100.0,93.33
2026-05-15,ब्रोकाउली,के.जी.,100.0,120.0,112.5
2026-05-15,भटमासकोशा,के.जी.,120.0,150.0,132.5
2026-05-15,भन्टा डल्लो,के.जी.,60.0,70.0,65.0
2026-05-15,भन्टा लाम्चो,के.जी.,50.0,65.0,57.5
2026-05-15,भिण्डी,के.जी.,40.0,60.0,52.0
2026-05-15,भेडे खु्र्सानी,के.जी.,50.0,60.0,55.0
2026-05-15,मकै बोडी,केजी,90.0,100.0,95.0
2026-05-15,मेथीको साग,के.जी.,80.0,90.0,85.0
2026-05-15,राजा च्याउ,के.जी.,300.0,320.0,310.0
2026-05-15,रातो आलु(गोलो),के जी,20.0,23.0,21.5
2026-05-15,रातो बन्दा,के.जी.,40.0,60.0,50.0
2026-05-15,रायो साग,के.जी.,80.0,90.0,85.0
2026-05-15,लसुन सुकेको चाइनिज,के.जी.,175.0,200.0,187.5
2026-05-15,लसुन सुकेको नेपाली,के.जी.,90.0,120.0,105.0
2026-05-15,लसुन हरियो,के.जी.,170.0,200.0,183.33
2026-05-15,लौका,के.जी.,40.0,50.0,45.0
2026-05-15,सखरखण्ड,के.जी.,70.0,75.0,72.5
2026-05-15,सजिवन,के.जी.,100.0,120.0,110.0
2026-05-15,सिताके च्याउ,के.जी.,800.0,1000.0,900.0
2026-05-15,सेतो मूला(हाइब्रीड),केजी,15.0,20.0,17.5
2026-05-15,सेलरी,के.जी.,100.0,120.0,110.0
2026-05-15,सौफको साग,के.जी.,90.0,120.0,102.5
2026-05-15,स्कूस,के.जी.,45.0,55.0,50.0
2026-05-15,हरियो धनिया,के.जी.,80.0,120.0,93.33
2026-05-15,हरियो फर्सी(डल्लो),केजी,40.0,50.0,46.25
2026-05-16,अदुवा,के.जी.,140.0,160.0,150.0
2026-05-16,आलु रातो(भारतीय),के जी,24.0,26.0,25.0
2026-05-16,आलु रातो(लाम्चो),के.जी.,25.0,27.0,26.0
2026-05-16,इमली,के.जी.,170.0,180.0,175.0
2026-05-16,काउली स्थानिय,के.जी.,50.0,70.0,60.0
2026-05-16,काक्रो(लोकल),के.जी.,50.0,60.0,55.0
2026-05-16,काक्रो(लोकलक्रस),के.जी.,20.0,40.0,30.0
2026-05-16,काक्रो(हाइब्रीड),के जी,20.0,30.0,25.0
2026-05-16,कुरीलो,के.जी.,250.0,400.0,325.0
2026-05-16,खुर्सानी हरियो(अकबरे),के जी,400.0,500.0,450.0
2026-05-16,खुर्सानी हरियो(बुलेट),के जी,90.0,100.0,95.0
2026-05-16,खुर्सानी हरियो(माछे),के जी,50.0,60.0,55.0
2026-05-16,खुर्सानी हरियो(लाम्चो),के जी,90.0,100.0,95.0
2026-05-16,खु्र्सानी सुकेको,के.जी.,400.0,450.0,425.0
2026-05-16,गाजर(लोकल),के.जी.,50.0,55.0,52.5
2026-05-16,गान्टे मूला,के.जी.,40.0,60.0,50.0
2026-05-16,गुन्दुक,के.जी.,250.0,300.0,275.0
2026-05-16,गोलभेडा ठूलो(भारतीय),केजी,80.0,90.0,85.0
2026-05-16,गोलभेडा सानो(टनेल),के जी,80.0,85.0,82.5
2026-05-16,गोलभेडा सानो(तराई),के जी,48.0,60.0,54.0
2026-05-16,गोलभेडा सानो(भारतीय),के जी,64.0,72.0,68.0
2026-05-16,गोलभेडा सानो(लोकल),के.जी.,60.0,78.0,69.0
2026-05-16,घिउ सिमी(राजमा),केजी,80.0,100.0,90.0
2026-05-16,घिउ सिमी(लोकल),के.जी.,80.0,100.0,90.0
2026-05-16,घिउ सिमी(हाइब्रीड),केजी,80.0,90.0,85.0
2026-05-16,घिरौला,के.जी.,50.0,80.0,65.0
2026-05-16,चमसूरको साग,के.जी.,110.0,138.0,124.0
2026-05-16,चिचिण्डो,के.जी.,40.0,50.0,45.0
2026-05-16,चुकुन्दर,के.जी.,55.0,65.0,60.0
2026-05-16,च्याउ(कन्य),के.जी.,140.0,170.0,155.0
2026-05-16,च्याउ(डल्ले),के जी,300.0,350.0,325.0
2026-05-16,जिरीको साग,के.जी.,100.0,110.0,105.0
2026-05-16,झिगूनी,के.जी.,80.0,90.0,85.0
2026-05-16,तामा,के.जी.,130.0,150.0,140.0
2026-05-16,तितो करेला,के.जी.,70.0,80.0,75.0
2026-05-16,तोफु,के.जी.,130.0,150.0,140.0
2026-05-16,तोरीको साग,के.जी.,25.0,35.0,30.0
2026-05-16,नासपाती(चाइनिज),केजी,230.0,250.0,240.0
2026-05-16,न्यूरो,के.जी.,70.0,80.0,75.0
2026-05-16,परवर(तराई),केजी,50.0,60.0,55.0
2026-05-16,परवर(लोकल),के.जी.,55.0,60.0,57.5
2026-05-16,पार्सले,के.जी.,250.0,280.0,265.0
2026-05-16,पालूगो साग,के.जी.,60.0,120.0,90.0
2026-05-16,पिंडालू,के.जी.,40.0,50.0,45.0
2026-05-16,पुदीना,के.जी.,80.0,100.0,90.0
2026-05-16,प्याज सुकेको (भारतीय),के.जी.,36.0,38.0,37.0
2026-05-16,प्याज हरियो,के.जी.,130.0,150.0,140.0
2026-05-16,फर्सी पाकेको,के.जी.,50.0,60.0,55.0
2026-05-16,फर्सी हरियो(लाम्चो),के.जी.,40.0,50.0,45.0
2026-05-16,बन्दा(लोकल),के.जी.,35.0,50.0,42.5
2026-05-16,बोडी(तने),के.जी.,80.0,100.0,90.0
2026-05-16,ब्रोकाउली,के.जी.,80.0,120.0,100.0
2026-05-16,भटमासकोशा,के.जी.,120.0,140.0,130.0
2026-05-16,भन्टा डल्लो,के.जी.,60.0,70.0,65.0
2026-05-16,भन्टा लाम्चो,के.जी.,50.0,65.0,57.5
2026-05-16,भिण्डी,के.जी.,40.0,60.0,50.0
2026-05-16,भेडे खु्र्सानी,के.जी.,50.0,60.0,55.0
2026-05-16,मकै बोडी,केजी,90.0,100.0,95.0
2026-05-16,मेथीको साग,के.जी.,80.0,90.0,85.0
2026-05-16,राजा च्याउ,के.जी.,300.0,320.0,310.0
2026-05-16,रातो आलु(गोलो),के जी,20.0,22.0,21.0
2026-05-16,रातो बन्दा,के.जी.,40.0,60.0,50.0
2026-05-16,रायो साग,के.जी.,50.0,100.0,78.0
2026-05-16,लसुन सुकेको चाइनिज,के.जी.,175.0,200.0,187.5
2026-05-16,लसुन सुकेको नेपाली,के.जी.,90.0,120.0,105.0
2026-05-16,लसुन हरियो,के.जी.,180.0,200.0,190.0
2026-05-16,लौका,के.जी.,50.0,60.0,55.0
2026-05-16,सखरखण्ड,के.जी.,70.0,75.0,72.5
2026-05-16,सिताके च्याउ,के.जी.,800.0,1000.0,900.0
2026-05-16,सेतो मूला(हाइब्रीड),केजी,16.0,20.0,18.0
2026-05-16,सेलरी,के.जी.,100.0,120.0,110.0
2026-05-16,सौफको साग,के.जी.,90.0,120.0,105.0
2026-05-16,स्कूस,के.जी.,45.0,55.0,50.0
2026-05-16,हरियो धनिया,के.जी.,50.0,120.0,85.0
2026-05-16,हरियो फर्सी(डल्लो),केजी,40.0,50.0,45.0
2026-05-17,अदुवा,के.जी.,140.0,170.0,155.0
2026-05-17,आलु रातो(भारतीय),के जी,24.0,27.0,25.5
2026-05-17,आलु रातो(लाम्चो),के.जी.,25.0,28.0,27.0
2026-05-17,इमली,के.जी.,170.0,180.0,175.0
2026-05-17,काउली स्थानिय,के.जी.,40.0,60.0,50.0
2026-05-17,काक्रो(लोकल),के.जी.,40.0,60.0,50.0
2026-05-17,काक्रो(लोकलक्रस),के.जी.,30.0,50.0,40.0
2026-05-17,काक्रो(हाइब्रीड),के जी,20.0,25.0,22.5
2026-05-17,कुरीलो,के.जी.,250.0,350.0,300.0
2026-05-17,खुर्सानी हरियो(अकबरे),के जी,400.0,500.0,450.0
2026-05-17,खुर्सानी हरियो(बुलेट),के जी,90.0,100.0,95.0
2026-05-17,खुर्सानी हरियो(माछे),के जी,40.0,60.0,50.0
2026-05-17,खुर्सानी हरियो(लाम्चो),के जी,90.0,100.0,95.0
2026-05-17,खु्र्सानी सुकेको,के.जी.,400.0,450.0,425.0
2026-05-17,गाजर(लोकल),के.जी.,50.0,60.0,55.0
2026-05-17,गान्टे मूला,के.जी.,40.0,60.0,50.0
2026-05-17,गुन्दुक,के.जी.,250.0,300.0,275.0
2026-05-17,गोलभेडा ठूलो(भारतीय),केजी,80.0,90.0,85.0
2026-05-17,गोलभेडा सानो(टनेल),के जी,70.0,78.0,74.0
2026-05-17,गोलभेडा सानो(तराई),के जी,48.0,60.0,54.0
2026-05-17,गोलभेडा सानो(भारतीय),के जी,55.0,65.0,60.0
2026-05-17,गोलभेडा सानो(लोकल),के.जी.,55.0,65.0,60.0
2026-05-17,घिउ सिमी(राजमा),केजी,80.0,100.0,90.0
2026-05-17,घिउ सिमी(लोकल),के.जी.,80.0,95.0,87.5
2026-05-17,घिउ सिमी(हाइब्रीड),केजी,80.0,90.0,85.0
2026-05-17,घिरौला,के.जी.,40.0,70.0,55.0
2026-05-17,चमसूरको साग,के.जी.,110.0,140.0,125.0
2026-05-17,चिचिण्डो,के.जी.,40.0,50.0,45.0
2026-05-17,चुकुन्दर,के.जी.,55.0,65.0,60.0
2026-05-17,च्याउ(कन्य),के.जी.,140.0,160.0,150.0
2026-05-17,च्याउ(डल्ले),के जी,300.0,350.0,325.0
2026-05-17,छ्यापी सुकेको,के.जी.,100.0,120.0,110.0
2026-05-17,छ्यापी हरियो,के.जी.,90.0,100.0,95.0
2026-05-17,जिरीको साग,के.जी.,100.0,110.0,105.0
2026-05-17,झिगूनी,के.जी.,80.0,90.0,85.0
2026-05-17,तामा,के.जी.,130.0,150.0,140.0
2026-05-17,तितो करेला,के.जी.,60.0,80.0,70.0
2026-05-17,तोफु,के.जी.,130.0,150.0,140.0
2026-05-17,तोरीको साग,के.जी.,30.0,40.0,35.0
2026-05-17,नासपाती(चाइनिज),केजी,230.0,250.0,240.0
2026-05-17,न्यूरो,के.जी.,60.0,70.0,65.0
2026-05-17,परवर(तराई),केजी,50.0,60.0,55.0
2026-05-17,परवर(लोकल),के.जी.,50.0,60.0,55.0
2026-05-17,पार्सले,के.जी.,250.0,280.0,265.0
2026-05-17,पालूगो साग,के.जी.,60.0,120.0,90.0
2026-05-17,पिंडालू,के.जी.,40.0,50.0,45.0
2026-05-17,पुदीना,के.जी.,80.0,100.0,90.0
2026-05-17,प्याज सुकेको (भारतीय),के.जी.,36.0,38.0,37.0
2026-05-17,प्याज हरियो,के.जी.,130.0,150.0,140.0
2026-05-17,फर्सी पाकेको,के.जी.,50.0,60.0,55.0
2026-05-17,फर्सी हरियो(लाम्चो),के.जी.,30.0,40.0,35.0
2026-05-17,बन्दा(लोकल),के.जी.,30.0,40.0,35.0
2026-05-17,बोडी(तने),के.जी.,70.0,80.0,75.0
2026-05-17,ब्रोकाउली,के.जी.,80.0,120.0,100.0
2026-05-17,भटमासकोशा,के.जी.,120.0,140.0,130.0
2026-05-17,भन्टा डल्लो,के.जी.,60.0,70.0,65.0
2026-05-17,भन्टा लाम्चो,के.जी.,50.0,60.0,55.0
2026-05-17,भिण्डी,के.जी.,40.0,60.0,50.0
2026-05-17,भेडे खु्र्सानी,के.जी.,50.0,80.0,65.0
2026-05-17,मकै बोडी,केजी,80.0,100.0,90.0
2026-05-17,राजा च्याउ,के.जी.,300.0,320.0,310.0
2026-05-17,रातो आलु(गोलो),के जी,20.0,23.0,21.5
2026-05-17,रातो बन्दा,के.जी.,40.0,60.0,50.0
2026-05-17,रायो साग,के.जी.,80.0,100.0,90.0
2026-05-17,लसुन सुकेको चाइनिज,के.जी.,175.0,200.0,187.5
2026-05-17,लसुन सुकेको नेपाली,के.जी.,90.0,120.0,105.0
2026-05-17,लसुन हरियो,के.जी.,180.0,200.0,190.0
2026-05-17,लौका,के.जी.,50.0,60.0,55.0
2026-05-17,सखरखण्ड,के.जी.,45.0,75.0,61.25
2026-05-17,सजिवन,के.जी.,100.0,120.0,110.0
2026-05-17,सिताके च्याउ,के.जी.,800.0,1000.0,900.0
2026-05-17,सेतो मूला(हाइब्रीड),केजी,15.0,20.0,17.5
2026-05-17,सेलरी,के.जी.,100.0,120.0,110.0
2026-05-17,सौफको साग,के.जी.,90.0,120.0,105.0
2026-05-17,हरियो धनिया,के.जी.,50.0,120.0,85.0
2026-05-17,हरियो फर्सी(डल्लो),केजी,30.0,40.0,35.0
2026-05-18,अदुवा,के.जी.,150.0,180.0,165.0
2026-05-18,आलु रातो(लाम्चो),के.जी.,25.0,30.0,28.0
2026-05-18,इमली,के.जी.,170.0,180.0,175.0
2026-05-18,काउली स्थानिय,के.जी.,40.0,50.0,45.0
2026-05-18,काक्रो(लोकल),के.जी.,40.0,60.0,52.5
2026-05-18,काक्रो(लोकलक्रस),के.जी.,35.0,55.0,45.0
2026-05-18,काक्रो(हाइब्रीड),के जी,20.0,30.0,25.0
2026-05-18,कुरीलो,के.जी.,300.0,350.0,325.0
2026-05-18,खुर्सानी हरियो(बुलेट),के जी,90.0,100.0,95.0
2026-05-18,खुर्सानी हरियो(माछे),के जी,50.0,60.0,55.0
2026-05-18,खुर्सानी हरियो(लाम्चो),के जी,90.0,100.0,95.0
2026-05-18,खु्र्सानी सुकेको,के.जी.,380.0,430.0,405.0
2026-05-18,गाजर(लोकल),के.जी.,50.0,60.0,55.0
2026-05-18,गान्टे मूला,के.जी.,40.0,60.0,50.0
2026-05-18,गुन्दुक,के.जी.,200.0,300.0,250.0
2026-05-18,गोलभेडा ठूलो(भारतीय),केजी,80.0,90.0,85.0
2026-05-18,गोलभेडा सानो(टनेल),के जी,73.0,80.0,76.2
2026-05-18,गोलभेडा सानो(तराई),के जी,45.0,60.0,52.0
2026-05-18,गोलभेडा सानो(भारतीय),के जी,60.0,70.0,65.0
2026-05-18,गोलभेडा सानो(लोकल),के.जी.,40.0,52.0,48.0
2026-05-18,घिउ सिमी(राजमा),केजी,80.0,90.0,85.0
2026-05-18,घिउ सिमी(लोकल),के.जी.,80.0,100.0,92.5
2026-05-18,घिउ सिमी(हाइब्रीड),केजी,60.0,80.0,67.5
2026-05-18,घिरौला,के.जी.,30.0,50.0,40.0
2026-05-18,चमसूरको साग,के.जी.,110.0,120.0,115.0
2026-05-18,चिचिण्डो,के.जी.,35.0,45.0,40.0
2026-05-18,चुकुन्दर,के.जी.,45.0,55.0,50.0
2026-05-18,च्याउ(कन्य),के.जी.,120.0,160.0,145.0
2026-05-18,च्याउ(डल्ले),के जी,350.0,400.0,382.5
2026-05-18,छ्यापी सुकेको,के.जी.,100.0,140.0,120.0
2026-05-18,जिरीको साग,के.जी.,100.0,110.0,105.0
2026-05-18,झिगूनी,के.जी.,70.0,80.0,75.0
2026-05-18,तामा,के.जी.,130.0,150.0,140.0
2026-05-18,तितो करेला,के.जी.,50.0,70.0,60.0
2026-05-18,तोफु,के.जी.,130.0,150.0,140.0
2026-05-18,तोरीको साग,के.जी.,30.0,40.0,35.0
2026-05-18,न्यूरो,के.जी.,70.0,80.0,75.0
2026-05-18,परवर(तराई),केजी,50.0,55.0,52.5
2026-05-18,परवर(लोकल),के.जी.,55.0,60.0,57.5
2026-05-18,पार्सले,के.जी.,250.0,300.0,275.0
2026-05-18,पालूगो साग,के.जी.,100.0,120.0,110.0
2026-05-18,पिंडालू,के.जी.,40.0,50.0,45.0
2026-05-18,पुदीना,के.जी.,90.0,100.0,95.0
2026-05-18,प्याज सुकेको (भारतीय),के.जी.,35.0,38.0,36.33
2026-05-18,प्याज हरियो,के.जी.,130.0,150.0,140.0
2026-05-18,फर्सी पाकेको,के.जी.,50.0,60.0,55.0
2026-05-18,फर्सी हरियो(लाम्चो),के.जी.,50.0,60.0,55.0
2026-05-18,बन्दा(लोकल),के.जी.,30.0,40.0,36.67
2026-05-18,बोडी(तने),के.जी.,50.0,70.0,63.33
2026-05-18,ब्रोकाउली,के.जी.,100.0,120.0,107.5
2026-05-18,भटमासकोशा,के.जी.,120.0,130.0,123.33
2026-05-18,भन्टा डल्लो,के.जी.,50.0,60.0,55.0
2026-05-18,भन्टा लाम्चो,के.जी.,30.0,40.0,35.0
2026-05-18,भिण्डी,के.जी.,40.0,50.0,43.33
2026-05-18,भेडे खु्र्सानी,के.जी.,50.0,65.0,58.75
2026-05-18,मकै बोडी,केजी,70.0,80.0,75.0
2026-05-18,मूला रातो,के.जी.,70.0,75.0,72.5
2026-05-18,मेथीको साग,के.जी.,90.0,100.0,95.0
2026-05-18,राजा च्याउ,के.जी.,300.0,320.0,310.0
2026-05-18,रातो आलु(गोलो),के जी,22.0,25.0,23.25
2026-05-18,रातो बन्दा,के.जी.,40.0,50.0,43.75
2026-05-18,रायो साग,के.जी.,60.0,80.0,74.0
2026-05-18,लसुन सुकेको चाइनिज,के.जी.,175.0,200.0,187.5
2026-05-18,लसुन सुकेको नेपाली,के.जी.,90.0,120.0,105.0
2026-05-18,लसुन हरियो,के.जी.,180.0,200.0,190.0
2026-05-18,लौका,के.जी.,40.0,50.0,45.0
2026-05-18,सखरखण्ड,के.जी.,60.0,70.0,65.0
2026-05-18,सजिवन,के.जी.,100.0,120.0,110.0
2026-05-18,सिताके च्याउ,के.जी.,800.0,1000.0,900.0
2026-05-18,सेतो मूला(हाइब्रीड),केजी,15.0,20.0,17.5
2026-05-18,सेलरी,के.जी.,120.0,130.0,125.0
2026-05-18,सौफको साग,के.जी.,90.0,100.0,95.0
2026-05-18,स्कूस,के.जी.,50.0,55.0,52.5
2026-05-18,हरियो धनिया,के.जी.,50.0,100.0,75.0
2026-05-18,हरियो फर्सी(डल्लो),केजी,25.0,40.0,35.0
2026-05-19,अदुवा,के.जी.,150.0,180.0,165.0
2026-05-19,आलु रातो(लाम्चो),के.जी.,25.0,30.0,27.5
2026-05-19,इमली,के.जी.,170.0,180.0,175.0
2026-05-19,काउली स्थानिय,के.जी.,30.0,45.0,39.0
2026-05-19,काक्रो(लोकल),के.जी.,40.0,60.0,47.5
2026-05-19,काक्रो(लोकलक्रस),के.जी.,40.0,55.0,47.5
2026-05-19,काक्रो(हाइब्रीड),के जी,20.0,35.0,27.5
2026-05-19,कुरीलो,के.जी.,280.0,320.0,300.0
2026-05-19,खुर्सानी हरियो(बुलेट),के जी,90.0,100.0,95.0
2026-05-19,खुर्सानी हरियो(माछे),के जी,60.0,70.0,65.0
2026-05-19,खुर्सानी हरियो(लाम्चो),के जी,90.0,100.0,95.0
2026-05-19,खु्र्सानी सुकेको,के.जी.,380.0,430.0,405.0
2026-05-19,गाजर(लोकल),के.जी.,50.0,60.0,55.0
2026-05-19,गान्टे मूला,के.जी.,40.0,60.0,50.0
2026-05-19,गुन्दुक,के.जी.,200.0,300.0,250.0
2026-05-19,गोलभेडा ठूलो(भारतीय),केजी,75.0,85.0,80.0
2026-05-19,गोलभेडा सानो(टनेल),के जी,70.0,78.0,73.5
2026-05-19,गोलभेडा सानो(तराई),के जी,44.0,52.0,48.0
2026-05-19,गोलभेडा सानो(भारतीय),के जी,60.0,70.0,65.0
2026-05-19,गोलभेडा सानो(लोकल),के.जी.,50.0,65.0,60.0
2026-05-19,घिउ सिमी(राजमा),केजी,80.0,90.0,85.0
2026-05-19,घिउ सिमी(लोकल),के.जी.,70.0,80.0,75.0
2026-05-19,घिउ सिमी(हाइब्रीड),केजी,50.0,70.0,60.0
2026-05-19,घिरौला,के.जी.,35.0,50.0,43.33
2026-05-19,चमसूरको साग,के.जी.,110.0,120.0,115.0
2026-05-19,चिचिण्डो,के.जी.,35.0,45.0,40.0
2026-05-19,चुकुन्दर,के.जी.,50.0,60.0,55.0
2026-05-19,च्याउ(कन्य),के.जी.,140.0,160.0,150.0
2026-05-19,च्याउ(डल्ले),के जी,340.0,380.0,360.0
2026-05-19,छ्यापी सुकेको,के.जी.,100.0,140.0,120.0
2026-05-19,जिरीको साग,के.जी.,90.0,110.0,100.0
2026-05-19,झिगूनी,के.जी.,65.0,75.0,70.0
2026-05-19,तामा,के.जी.,130.0,150.0,140.0
2026-05-19,तितो करेला,के.जी.,60.0,70.0,65.0
2026-05-19,तोफु,के.जी.,130.0,150.0,140.0
2026-05-19,तोरीको साग,के.जी.,30.0,40.0,35.0
2026-05-19,न्यूरो,के.जी.,70.0,80.0,75.0
2026-05-19,परवर(तराई),केजी,45.0,55.0,50.0
2026-05-19,परवर(लोकल),के.जी.,50.0,60.0,56.0
2026-05-19,पार्सले,के.जी.,250.0,300.0,275.0
2026-05-19,पालूगो साग,के.जी.,100.0,120.0,110.0
2026-05-19,पिंडालू,के.जी.,40.0,50.0,45.0
2026-05-19,पुदीना,के.जी.,90.0,100.0,95.0
2026-05-19,प्याज सुकेको (भारतीय),के.जी.,35.0,38.0,36.5
2026-05-19,प्याज हरियो,के.जी.,130.0,150.0,140.0
2026-05-19,फर्सी पाकेको,के.जी.,50.0,60.0,55.0
2026-05-19,फर्सी हरियो(लाम्चो),के.जी.,30.0,40.0,35.0
2026-05-19,बन्दा(लोकल),के.जी.,25.0,35.0,30.0
2026-05-19,बोडी(तने),के.जी.,40.0,60.0,52.0
2026-05-19,ब्रोकाउली,के.जी.,80.0,110.0,96.67
2026-05-19,भटमासकोशा,के.जी.,110.0,130.0,120.0
2026-05-19,भन्टा डल्लो,के.जी.,45.0,60.0,51.25
2026-05-19,भन्टा लाम्चो,के.जी.,30.0,45.0,36.0
2026-05-19,भिण्डी,के.जी.,35.0,50.0,42.5
2026-05-19,भेडे खु्र्सानी,के.जी.,60.0,70.0,65.0
2026-05-19,मकै बोडी,केजी,70.0,80.0,75.0
2026-05-19,मूला रातो,के.जी.,70.0,75.0,72.5
2026-05-19,मेथीको साग,के.जी.,90.0,100.0,95.0
2026-05-19,राजा च्याउ,के.जी.,300.0,320.0,310.0
2026-05-19,रातो आलु(गोलो),के जी,23.0,25.0,24.0
2026-05-19,रातो बन्दा,के.जी.,40.0,50.0,45.0
2026-05-19,रायो साग,के.जी.,70.0,80.0,75.0
2026-05-19,लसुन सुकेको चाइनिज,के.जी.,175.0,200.0,187.5
2026-05-19,लसुन सुकेको नेपाली,के.जी.,90.0,120.0,105.0
2026-05-19,लसुन हरियो,के.जी.,170.0,190.0,180.0
2026-05-19,लौका,के.जी.,35.0,50.0,43.75
2026-05-19,सखरखण्ड,के.जी.,60.0,70.0,65.0
2026-05-19,सजिवन,के.जी.,100.0,120.0,110.0
2026-05-19,सिताके च्याउ,के.जी.,800.0,1000.0,900.0
2026-05-19,सेतो मूला(हाइब्रीड),केजी,12.0,20.0,17.0
2026-05-19,सेलरी,के.जी.,120.0,130.0,125.0
2026-05-19,सौफको साग,के.जी.,90.0,100.0,95.0
2026-05-19,स्कूस,के.जी.,45.0,50.0,47.5
2026-05-19,हरियो धनिया,के.जी.,50.0,100.0,75.0
2026-05-19,हरियो फर्सी(डल्लो),केजी,25.0,40.0,32.5
2026-05-20,अदुवा,के.जी.,150.0,180.0,165.0
2026-05-20,आलु रातो(लाम्चो),के.जी.,25.0,30.0,27.5
2026-05-20,इमली,के.जी.,170.0,180.0,175.0
2026-05-20,काउली स्थानिय,के.जी.,30.0,50.0,38.75
2026-05-20,काक्रो(लोकल),के.जी.,40.0,50.0,45.0
2026-05-20,काक्रो(लोकलक्रस),के.जी.,30.0,50.0,36.67
2026-05-20,काक्रो(हाइब्रीड),के जी,20.0,30.0,25.0
2026-05-20,कुरीलो,के.जी.,300.0,330.0,315.0
2026-05-20,खुर्सानी हरियो(बुलेट),के जी,80.0,90.0,85.0
2026-05-20,खुर्सानी हरियो(माछे),के जी,65.0,75.0,70.0
2026-05-20,खुर्सानी हरियो(लाम्चो),के जी,90.0,100.0,95.0
2026-05-20,खु्र्सानी सुकेको,के.जी.,380.0,430.0,405.0
2026-05-20,गाजर(लोकल),के.जी.,50.0,60.0,55.0
2026-05-20,गान्टे मूला,के.जी.,40.0,60.0,50.0
2026-05-20,गुन्दुक,के.जी.,200.0,300.0,250.0
2026-05-20,गोलभेडा ठूलो(नेपाली),के.जी.,65.0,75.0,70.0
2026-05-20,गोलभेडा ठूलो(भारतीय),केजी,70.0,80.0,75.0
2026-05-20,गोलभेडा सानो(टनेल),के जी,68.0,78.0,72.5
2026-05-20,गोलभेडा सानो(तराई),के जी,42.0,52.0,47.0
2026-05-20,गोलभेडा सानो(भारतीय),के जी,50.0,60.0,55.0
2026-05-20,गोलभेडा सानो(लोकल),के.जी.,50.0,58.0,53.33
2026-05-20,घिउ सिमी(लोकल),के.जी.,70.0,80.0,75.0
2026-05-20,घिउ सिमी(हाइब्रीड),केजी,50.0,70.0,60.0
2026-05-20,घिरौला,के.जी.,40.0,50.0,43.75
2026-05-20,चमसूरको साग,के.जी.,110.0,120.0,115.0
2026-05-20,चिचिण्डो,के.जी.,30.0,45.0,37.5
2026-05-20,चुकुन्दर,के.जी.,50.0,60.0,55.0
2026-05-20,च्याउ(कन्य),के.जी.,140.0,170.0,152.0
2026-05-20,च्याउ(डल्ले),के जी,300.0,350.0,325.0
2026-05-20,छ्यापी सुकेको,के.जी.,100.0,140.0,120.0
2026-05-20,जिरीको साग,के.जी.,90.0,100.0,95.0
2026-05-20,झिगूनी,के.जी.,65.0,75.0,70.0
2026-05-20,तामा,के.जी.,130.0,150.0,140.0
2026-05-20,तितो करेला,के.जी.,50.0,70.0,60.0
2026-05-20,तोफु,के.जी.,130.0,150.0,140.0
2026-05-20,तोरीको साग,के.जी.,30.0,40.0,35.0
2026-05-20,न्यूरो,के.जी.,70.0,80.0,75.0
2026-05-20,परवर(तराई),केजी,45.0,50.0,47.5
2026-05-20,परवर(लोकल),के.जी.,45.0,55.0,50.0
2026-05-20,पार्सले,के.जी.,250.0,300.0,275.0
2026-05-20,पालूगो साग,के.जी.,100.0,120.0,110.0
2026-05-20,पिंडालू,के.जी.,40.0,50.0,45.0
2026-05-20,पुदीना,के.जी.,90.0,100.0,95.0
2026-05-20,प्याज सुकेको (भारतीय),के.जी.,35.0,37.0,36.0
2026-05-20,प्याज हरियो,के.जी.,100.0,150.0,125.0
2026-05-20,फर्सी पाकेको,के.जी.,50.0,60.0,55.0
2026-05-20,फर्सी हरियो(लाम्चो),के.जी.,30.0,40.0,35.0
2026-05-20,बन्दा(लोकल),के.जी.,30.0,40.0,33.75
2026-05-20,बोडी(तने),के.जी.,40.0,60.0,50.0
2026-05-20,ब्रोकाउली,के.जी.,70.0,100.0,85.0
2026-05-20,भटमासकोशा,के.जी.,120.0,130.0,125.0
2026-05-20,भन्टा डल्लो,के.जी.,45.0,55.0,48.33
2026-05-20,भन्टा लाम्चो,के.जी.,30.0,45.0,38.75
2026-05-20,भिण्डी,के.जी.,35.0,45.0,40.0
2026-05-20,भेडे खु्र्सानी,के.जी.,60.0,75.0,68.75
2026-05-20,मकै बोडी,केजी,80.0,90.0,85.0
2026-05-20,मेथीको साग,के.जी.,90.0,100.0,95.0
2026-05-20,राजा च्याउ,के.जी.,280.0,300.0,290.0
2026-05-20,रातो आलु(गोलो),के जी,22.0,24.0,23.0
2026-05-20,रातो बन्दा,के.जी.,40.0,50.0,45.0
2026-05-20,रायो साग,के.जी.,70.0,90.0,80.0
2026-05-20,लसुन सुकेको चाइनिज,के.जी.,175.0,200.0,187.5
2026-05-20,लसुन सुकेको नेपाली,के.जी.,90.0,120.0,105.0
2026-05-20,लसुन हरियो,के.जी.,170.0,200.0,185.0
2026-05-20,लौका,के.जी.,35.0,50.0,41.25
2026-05-20,सखरखण्ड,के.जी.,60.0,70.0,65.0
2026-05-20,सजिवन,के.जी.,100.0,120.0,110.0
2026-05-20,सिताके च्याउ,के.जी.,800.0,1000.0,900.0
2026-05-20,सेतो मूला(हाइब्रीड),केजी,14.0,25.0,18.0
2026-05-20,सेलरी,के.जी.,120.0,130.0,125.0
2026-05-20,सौफको साग,के.जी.,90.0,100.0,95.0
2026-05-20,हरियो धनिया,के.जी.,60.0,100.0,80.0
2026-05-20,हरियो फर्सी(डल्लो),केजी,25.0,35.0,28.33
2026-05-21,अदुवा,के.जी.,150.0,180.0,165.0
2026-05-21,आलु रातो(लाम्चो),के.जी.,27.0,32.0,29.5
2026-05-21,इमली,के.जी.,170.0,180.0,175.0
2026-05-21,काउली स्थानिय,के.जी.,30.0,50.0,41.25
2026-05-21,काक्रो(लोकल),के.जी.,40.0,60.0,50.0
2026-05-21,काक्रो(लोकलक्रस),के.जी.,35.0,50.0,42.5
2026-05-21,काक्रो(हाइब्रीड),के जी,20.0,30.0,25.0
2026-05-21,कुरीलो,के.जी.,300.0,330.0,315.0
2026-05-21,खुर्सानी हरियो(बुलेट),के जी,70.0,90.0,82.5
2026-05-21,खुर्सानी हरियो(माछे),के जी,60.0,70.0,65.0
2026-05-21,खुर्सानी हरियो(लाम्चो),के जी,80.0,100.0,90.0
2026-05-21,खु्र्सानी सुकेको,के.जी.,380.0,430.0,405.0
2026-05-21,गाजर(लोकल),के.जी.,50.0,60.0,55.0
2026-05-21,गान्टे मूला,के.जी.,40.0,60.0,50.0
2026-05-21,गुन्दुक,के.जी.,200.0,300.0,250.0
2026-05-21,गोलभेडा ठूलो(नेपाली),के.जी.,60.0,75.0,66.75
2026-05-21,गोलभेडा ठूलो(भारतीय),केजी,70.0,80.0,75.0
2026-05-21,गोलभेडा सानो(टनेल),के जी,68.0,78.0,72.4
2026-05-21,गोलभेडा सानो(तराई),के जी,40.0,50.0,45.0
2026-05-21,गोलभेडा सानो(भारतीय),के जी,50.0,60.0,55.0
2026-05-21,गोलभेडा सानो(लोकल),के.जी.,45.0,55.0,50.0
2026-05-21,घिउ सिमी(राजमा),केजी,100.0,110.0,105.0
2026-05-21,घिउ सिमी(लोकल),के.जी.,60.0,80.0,70.0
2026-05-21,घिउ सिमी(हाइब्रीड),केजी,50.0,70.0,60.0
2026-05-21,घिरौला,के.जी.,35.0,45.0,40.0
2026-05-21,चमसूरको साग,के.जी.,100.0,120.0,110.0
2026-05-21,चिचिण्डो,के.जी.,30.0,40.0,35.0
2026-05-21,चुकुन्दर,के.जी.,50.0,60.0,55.0
2026-05-21,च्याउ(कन्य),के.जी.,150.0,180.0,165.0
2026-05-21,च्याउ(डल्ले),के जी,300.0,350.0,325.0
2026-05-21,छ्यापी सुकेको,के.जी.,100.0,140.0,120.0
2026-05-21,जिरीको साग,के.जी.,90.0,100.0,95.0
2026-05-21,झिगूनी,के.जी.,50.0,60.0,55.0
2026-05-21,तामा,के.जी.,130.0,150.0,140.0
2026-05-21,तितो करेला,के.जी.,50.0,60.0,55.0
2026-05-21,तोफु,के.जी.,130.0,150.0,140.0
2026-05-21,तोरीको साग,के.जी.,30.0,40.0,35.0
2026-05-21,न्यूरो,के.जी.,70.0,80.0,75.0
2026-05-21,परवर(तराई),केजी,40.0,45.0,42.5
2026-05-21,परवर(लोकल),के.जी.,40.0,50.0,45.0
2026-05-21,पार्सले,के.जी.,250.0,300.0,275.0
2026-05-21,पालूगो साग,के.जी.,100.0,120.0,110.0
2026-05-21,पिंडालू,के.जी.,40.0,50.0,45.0
2026-05-21,पुदीना,के.जी.,90.0,100.0,95.0
2026-05-21,प्याज सुकेको (भारतीय),के.जी.,35.0,37.0,36.0
2026-05-21,प्याज हरियो,के.जी.,100.0,150.0,125.0
2026-05-21,फर्सी पाकेको,के.जी.,50.0,60.0,55.0
2026-05-21,फर्सी हरियो(लाम्चो),के.जी.,30.0,40.0,35.0
2026-05-21,बन्दा(लोकल),के.जी.,30.0,40.0,35.0
2026-05-21,बोडी(तने),के.जी.,30.0,40.0,35.0
2026-05-21,ब्रोकाउली,के.जी.,70.0,100.0,85.0
2026-05-21,भटमासकोशा,के.जी.,120.0,130.0,125.0
2026-05-21,भन्टा डल्लो,के.जी.,40.0,50.0,45.0
2026-05-21,भन्टा लाम्चो,के.जी.,30.0,45.0,37.5
2026-05-21,भिण्डी,के.जी.,30.0,40.0,35.0
2026-05-21,भेडे खु्र्सानी,के.जी.,60.0,80.0,70.0
2026-05-21,मकै बोडी,केजी,80.0,90.0,85.0
2026-05-21,मेथीको साग,के.जी.,90.0,110.0,100.0
2026-05-21,राजा च्याउ,के.जी.,280.0,300.0,290.0
2026-05-21,रातो आलु(गोलो),के जी,22.0,25.0,23.5
2026-05-21,रातो बन्दा,के.जी.,40.0,50.0,45.0
2026-05-21,रायो साग,के.जी.,70.0,90.0,77.5
2026-05-21,लसुन सुकेको चाइनिज,के.जी.,170.0,190.0,180.0
2026-05-21,लसुन सुकेको नेपाली,के.जी.,90.0,120.0,105.0
2026-05-21,लसुन हरियो,के.जी.,180.0,200.0,190.0
2026-05-21,लौका,के.जी.,30.0,45.0,37.5
2026-05-21,सखरखण्ड,के.जी.,60.0,70.0,65.0
2026-05-21,सजिवन,के.जी.,100.0,120.0,110.0
2026-05-21,सिताके च्याउ,के.जी.,800.0,1000.0,900.0
2026-05-21,सेतो मूला(हाइब्रीड),केजी,20.0,30.0,25.0
2026-05-21,सेलरी,के.जी.,120.0,130.0,125.0
2026-05-21,सौफको साग,के.जी.,90.0,100.0,95.0
2026-05-21,हरियो धनिया,के.जी.,70.0,120.0,95.0
2026-05-21,हरियो फर्सी(डल्लो),केजी,25.0,35.0,30.0
2026-05-22,अदुवा,के.जी.,140.0,160.0,150.0
2026-05-22,आलु रातो(लाम्चो),के.जी.,25.0,30.0,27.5
2026-05-22,इमली,के.जी.,170.0,180.0,175.0
2026-05-22,काउली स्थानिय,के.जी.,30.0,50.0,37.5
2026-05-22,काक्रो(लोकल),के.जी.,30.0,55.0,42.5
2026-05-22,काक्रो(लोकलक्रस),के.जी.,30.0,50.0,39.0
2026-05-22,काक्रो(हाइब्रीड),के जी,20.0,30.0,25.0
2026-05-22,कुरीलो,के.जी.,300.0,350.0,325.0
2026-05-22,खुर्सानी हरियो(बुलेट),के जी,70.0,80.0,75.0
2026-05-22,खुर्सानी हरियो(माछे),के जी,50.0,70.0,60.0
2026-05-22,खुर्सानी हरियो(लाम्चो),के जी,80.0,100.0,90.0
2026-05-22,खु्र्सानी सुकेको,के.जी.,380.0,430.0,405.0
2026-05-22,गाजर(लोकल),के.जी.,50.0,60.0,55.0
2026-05-22,गान्टे मूला,के.जी.,40.0,60.0,50.0
2026-05-22,गुन्दुक,के.जी.,200.0,300.0,250.0
2026-05-22,गोलभेडा ठूलो(नेपाली),के.जी.,60.0,75.0,67.5
2026-05-22,गोलभेडा ठूलो(भारतीय),केजी,70.0,80.0,75.0
2026-05-22,गोलभेडा सानो(टनेल),के जी,60.0,72.0,66.11
2026-05-22,गोलभेडा सानो(तराई),के जी,32.0,40.0,36.0
2026-05-22,गोलभेडा सानो(लोकल),के.जी.,35.0,52.0,44.25
2026-05-22,घिउ सिमी(राजमा),केजी,80.0,100.0,90.0
2026-05-22,घिउ सिमी(लोकल),के.जी.,70.0,80.0,75.0
2026-05-22,घिउ सिमी(हाइब्रीड),केजी,50.0,70.0,60.0
2026-05-22,घिरौला,के.जी.,35.0,50.0,42.5
2026-05-22,चमसूरको साग,के.जी.,100.0,120.0,110.0
2026-05-22,चिचिण्डो,के.जी.,25.0,35.0,29.75
2026-05-22,चुकुन्दर,के.जी.,50.0,60.0,55.0
2026-05-22,च्याउ(कन्य),के.जी.,180.0,200.0,190.0
2026-05-22,च्याउ(डल्ले),के जी,350.0,400.0,375.0
2026-05-22,छ्यापी सुकेको,के.जी.,100.0,140.0,120.0
2026-05-22,जिरीको साग,के.जी.,90.0,100.0,95.0
2026-05-22,झिगूनी,के.जी.,50.0,60.0,55.0
2026-05-22,तामा,के.जी.,130.0,150.0,140.0
2026-05-22,तितो करेला,के.जी.,40.0,70.0,54.29
2026-05-22,तोफु,के.जी.,130.0,150.0,140.0
2026-05-22,तोरीको साग,के.जी.,30.0,40.0,35.0
2026-05-22,न्यूरो,के.जी.,70.0,80.0,75.0
2026-05-22,परवर(तराई),केजी,40.0,45.0,42.5
2026-05-22,परवर(लोकल),के.जी.,40.0,50.0,45.0
2026-05-22,पार्सले,के.जी.,250.0,300.0,275.0
2026-05-22,पालूगो साग,के.जी.,100.0,120.0,110.0
2026-05-22,पिंडालू,के.जी.,40.0,50.0,45.0
2026-05-22,पुदीना,के.जी.,90.0,100.0,95.0
2026-05-22,प्याज सुकेको (भारतीय),के.जी.,34.0,36.0,35.0
2026-05-22,प्याज हरियो,के.जी.,90.0,120.0,102.5
2026-05-22,फर्सी पाकेको,के.जी.,50.0,60.0,55.0
2026-05-22,फर्सी हरियो(लाम्चो),के.जी.,30.0,40.0,35.0
2026-05-22,बन्दा(लोकल),के.जी.,30.0,40.0,35.0
2026-05-22,बोडी(तने),के.जी.,20.0,40.0,30.0
2026-05-22,ब्रोकाउली,के.जी.,80.0,100.0,86.67
2026-05-22,भटमासकोशा,के.जी.,120.0,130.0,125.0
2026-05-22,भन्टा डल्लो,के.जी.,35.0,45.0,38.33
2026-05-22,भन्टा लाम्चो,के.जी.,35.0,45.0,40.0
2026-05-22,भिण्डी,के.जी.,20.0,35.0,26.67
2026-05-22,भेडे खु्र्सानी,के.जी.,50.0,60.0,55.0
2026-05-22,मकै बोडी,केजी,60.0,80.0,70.0
2026-05-22,मटरकोशा,के.जी.,90.0,100.0,95.0
2026-05-22,मूला सेतो(लोकल),के.जी.,20.0,30.0,25.0
2026-05-22,मेथीको साग,के.जी.,100.0,120.0,110.0
2026-05-22,राजा च्याउ,के.जी.,280.0,300.0,290.0
2026-05-22,रातो आलु(गोलो),के जी,22.0,25.0,23.5
2026-05-22,रातो बन्दा,के.जी.,30.0,40.0,35.0
2026-05-22,रायो साग,के.जी.,50.0,80.0,67.5
2026-05-22,लसुन सुकेको चाइनिज,के.जी.,170.0,190.0,180.0
2026-05-22,लसुन सुकेको नेपाली,के.जी.,90.0,120.0,105.0
2026-05-22,लसुन हरियो,के.जी.,180.0,200.0,190.0
2026-05-22,लौका,के.जी.,30.0,50.0,40.0
2026-05-22,सखरखण्ड,के.जी.,60.0,70.0,65.0
2026-05-22,सजिवन,के.जी.,100.0,110.0,105.0
2026-05-22,सिताके च्याउ,के.जी.,800.0,1000.0,900.0
2026-05-22,सेलरी,के.जी.,120.0,150.0,135.0
2026-05-22,सौफको साग,के.जी.,100.0,120.0,110.0
2026-05-22,स्कूस,के.जी.,60.0,70.0,65.0
2026-05-22,हरियो धनिया,के.जी.,80.0,120.0,100.0
2026-05-22,हरियो फर्सी(डल्लो),केजी,25.0,35.0,30.0
2026-05-23,अदुवा,के.जी.,140.0,160.0,150.0
2026-05-23,आलु रातो(भारतीय),के जी,25.0,26.0,25.5
2026-05-23,आलु रातो(लाम्चो),के.जी.,25.0,30.0,27.5
2026-05-23,इमली,के.जी.,170.0,180.0,175.0
2026-05-23,काउली स्थानिय,के.जी.,30.0,40.0,35.0
2026-05-23,काक्रो(लोकल),के.जी.,50.0,60.0,55.0
2026-05-23,काक्रो(लोकलक्रस),के.जी.,30.0,40.0,35.0
2026-05-23,काक्रो(हाइब्रीड),के जी,10.0,20.0,15.0
2026-05-23,कुरीलो,के.जी.,300.0,350.0,325.0
2026-05-23,खुर्सानी हरियो(बुलेट),के जी,80.0,90.0,85.0
2026-05-23,खुर्सानी हरियो(माछे),के जी,50.0,60.0,55.0
2026-05-23,खुर्सानी हरियो(लाम्चो),के जी,80.0,90.0,85.0
2026-05-23,खु्र्सानी सुकेको,के.जी.,380.0,450.0,415.0
2026-05-23,गाजर(लोकल),के.जी.,50.0,60.0,55.0
2026-05-23,गान्टे मूला,के.जी.,40.0,60.0,50.0
2026-05-23,गुन्दुक,के.जी.,200.0,300.0,250.0
2026-05-23,गोलभेडा ठूलो(भारतीय),केजी,70.0,80.0,75.0
2026-05-23,गोलभेडा सानो(टनेल),के जी,60.0,70.0,65.0
2026-05-23,गोलभेडा सानो(तराई),के जी,30.0,40.0,35.0
2026-05-23,गोलभेडा सानो(भारतीय),के जी,30.0,40.0,35.0
2026-05-23,गोलभेडा सानो(लोकल),के.जी.,30.0,44.0,37.0
2026-05-23,घिउ सिमी(लोकल),के.जी.,40.0,60.0,48.0
2026-05-23,घिउ सिमी(हाइब्रीड),केजी,40.0,50.0,45.0
2026-05-23,घिरौला,के.जी.,25.0,40.0,32.5
2026-05-23,चमसूरको साग,के.जी.,100.0,120.0,110.0
2026-05-23,चिचिण्डो,के.जी.,25.0,35.0,30.0
2026-05-23,चुकुन्दर,के.जी.,50.0,60.0,55.0
2026-05-23,च्याउ(कन्य),के.जी.,200.0,220.0,210.0
2026-05-23,च्याउ(डल्ले),के जी,350.0,400.0,375.0
2026-05-23,छ्यापी सुकेको,के.जी.,100.0,140.0,120.0
2026-05-23,जिरीको साग,के.जी.,90.0,100.0,95.0
2026-05-23,झिगूनी,के.जी.,50.0,60.0,55.0
2026-05-23,तरुल,के.जी.,50.0,60.0,55.0
2026-05-23,तामा,के.जी.,130.0,150.0,140.0
2026-05-23,तितो करेला,के.जी.,45.0,60.0,51.25
2026-05-23,तोफु,के.जी.,130.0,150.0,140.0
2026-05-23,तोरीको साग,के.जी.,30.0,40.0,35.0
2026-05-23,न्यूरो,के.जी.,70.0,80.0,75.0
2026-05-23,परवर(तराई),केजी,40.0,50.0,45.0
2026-05-23,परवर(लोकल),के.जी.,40.0,50.0,45.0
2026-05-23,पार्सले,के.जी.,250.0,300.0,275.0
2026-05-23,पालूगो साग,के.जी.,100.0,120.0,110.0
2026-05-23,पिंडालू,के.जी.,50.0,60.0,55.0
2026-05-23,पुदीना,के.जी.,90.0,100.0,95.0
2026-05-23,प्याज सुकेको (भारतीय),के.जी.,37.0,38.0,37.5
2026-05-23,प्याज हरियो,के.जी.,100.0,150.0,125.0
2026-05-23,फर्सी पाकेको,के.जी.,50.0,60.0,55.0
2026-05-23,फर्सी हरियो(लाम्चो),के.जी.,25.0,35.0,30.0
2026-05-23,बन्दा(लोकल),के.जी.,30.0,40.0,35.0
2026-05-23,बोडी(तने),के.जी.,30.0,40.0,35.0
2026-05-23,ब्रोकाउली,के.जी.,60.0,70.0,65.0
2026-05-23,भटमासकोशा,के.जी.,100.0,120.0,110.0
2026-05-23,भन्टा डल्लो,के.जी.,40.0,50.0,45.0
2026-05-23,भन्टा लाम्चो,के.जी.,40.0,50.0,45.0
2026-05-23,भिण्डी,के.जी.,25.0,40.0,32.5
2026-05-23,भेडे खु्र्सानी,के.जी.,50.0,60.0,55.0
2026-05-23,मकै बोडी,केजी,50.0,60.0,55.0
2026-05-23,मेथीको साग,के.जी.,100.0,120.0,110.0
2026-05-23,राजा च्याउ,के.जी.,280.0,300.0,290.0
2026-05-23,रातो आलु(गोलो),के जी,22.0,26.0,24.0
2026-05-23,रातो बन्दा,के.जी.,30.0,40.0,35.0
2026-05-23,रायो साग,के.जी.,50.0,80.0,65.0
2026-05-23,लसुन सुकेको चाइनिज,के.जी.,170.0,190.0,180.0
2026-05-23,लसुन सुकेको नेपाली,के.जी.,90.0,120.0,100.0
2026-05-23,लसुन हरियो,के.जी.,180.0,200.0,190.0
2026-05-23,लौका,के.जी.,45.0,55.0,50.0
2026-05-23,सखरखण्ड,के.जी.,60.0,80.0,70.0
2026-05-23,सिताके च्याउ,के.जी.,800.0,1000.0,900.0
2026-05-23,सेतो मूला(हाइब्रीड),केजी,16.0,20.0,18.0
2026-05-23,सेलरी,के.जी.,120.0,150.0,135.0
2026-05-23,सौफको साग,के.जी.,100.0,120.0,110.0
2026-05-23,स्कूस,के.जी.,60.0,70.0,65.0
2026-05-23,हरियो धनिया,के.जी.,100.0,120.0,110.0
2026-05-23,हरियो फर्सी(डल्लो),केजी,25.0,35.0,30.0
2026-05-24,अदुवा,के.जी.,140.0,160.0,150.0
2026-05-24,आलु रातो(लाम्चो),के.जी.,28.0,34.0,30.57
2026-05-24,इमली,के.जी.,170.0,180.0,175.0
2026-05-24,काउली स्थानिय,के.जी.,30.0,40.0,33.33
2026-05-24,काक्रो(लोकल),के.जी.,40.0,55.0,48.33
2026-05-24,काक्रो(लोकलक्रस),के.जी.,30.0,45.0,37.5
2026-05-24,काक्रो(हाइब्रीड),के जी,10.0,20.0,14.67
2026-05-24,कुरीलो,के.जी.,300.0,350.0,325.0
2026-05-24,खुर्सानी हरियो(बुलेट),के जी,70.0,80.0,75.0
2026-05-24,खुर्सानी हरियो(माछे),के जी,40.0,60.0,50.0
2026-05-24,खुर्सानी हरियो(लाम्चो),के जी,80.0,90.0,85.0
2026-05-24,खु्र्सानी सुकेको,के.जी.,380.0,430.0,402.5
2026-05-24,गाजर(लोकल),के.जी.,50.0,60.0,55.0
2026-05-24,गान्टे मूला,के.जी.,40.0,60.0,50.0
2026-05-24,गुन्दुक,के.जी.,200.0,300.0,250.0
2026-05-24,गोलभेडा ठूलो(भारतीय),केजी,70.0,80.0,75.0
2026-05-24,गोलभेडा सानो(टनेल),के जी,52.0,65.0,57.0
2026-05-24,गोलभेडा सानो(तराई),के जी,20.0,30.0,25.0
2026-05-24,गोलभेडा सानो(भारतीय),के जी,35.0,40.0,37.75
2026-05-24,गोलभेडा सानो(लोकल),के.जी.,21.0,35.0,28.2
2026-05-24,घिउ सिमी(लोकल),के.जी.,40.0,50.0,45.0
2026-05-24,घिउ सिमी(हाइब्रीड),केजी,50.0,60.0,55.0
2026-05-24,घिरौला,के.जी.,25.0,35.0,30.0
2026-05-24,चमसूरको साग,के.जी.,100.0,120.0,110.0
2026-05-24,चिचिण्डो,के.जी.,25.0,35.0,30.0
2026-05-24,चुकुन्दर,के.जी.,50.0,60.0,55.0
2026-05-24,च्याउ(कन्य),के.जी.,200.0,240.0,222.5
2026-05-24,च्याउ(डल्ले),के जी,400.0,430.0,415.0
2026-05-24,छ्यापी सुकेको,के.जी.,120.0,140.0,130.0
2026-05-24,जिरीको साग,के.जी.,90.0,100.0,95.0
2026-05-24,तामा,के.जी.,130.0,150.0,140.0
2026-05-24,तितो करेला,के.जी.,30.0,50.0,40.0
2026-05-24,तोफु,के.जी.,130.0,150.0,140.0
2026-05-24,तोरीको साग,के.जी.,30.0,40.0,35.0
2026-05-24,न्यूरो,के.जी.,70.0,80.0,75.0
2026-05-24,परवर(तराई),केजी,40.0,45.0,42.5
2026-05-24,परवर(लोकल),के.जी.,40.0,50.0,45.0
2026-05-24,पार्सले,के.जी.,250.0,300.0,275.0
2026-05-24,पालूगो साग,के.जी.,100.0,120.0,110.0
2026-05-24,पिंडालू,के.जी.,40.0,50.0,45.0
2026-05-24,पुदीना,के.जी.,90.0,110.0,100.0
2026-05-24,प्याज सुकेको (भारतीय),के.जी.,35.0,38.0,36.25
2026-05-24,प्याज हरियो,के.जी.,100.0,120.0,110.0
2026-05-24,फर्सी पाकेको,के.जी.,50.0,60.0,55.0
2026-05-24,फर्सी हरियो(लाम्चो),के.जी.,30.0,40.0,35.0
2026-05-24,बन्दा(लोकल),के.जी.,30.0,40.0,35.0
2026-05-24,बोडी(तने),के.जी.,20.0,40.0,32.5
2026-05-24,ब्रोकाउली,के.जी.,50.0,60.0,55.0
2026-05-24,भटमासकोशा,के.जी.,120.0,130.0,125.0
2026-05-24,भन्टा डल्लो,के.जी.,35.0,45.0,40.0
2026-05-24,भन्टा लाम्चो,के.जी.,35.0,50.0,42.5
2026-05-24,भिण्डी,के.जी.,30.0,40.0,35.0
2026-05-24,भेडे खु्र्सानी,के.जी.,40.0,60.0,50.0
2026-05-24,मकै बोडी,केजी,60.0,70.0,65.0
2026-05-24,मेथीको साग,के.जी.,100.0,120.0,110.0
2026-05-24,राजा च्याउ,के.जी.,280.0,300.0,290.0
2026-05-24,रातो आलु(गोलो),के जी,26.0,28.0,27.0
2026-05-24,रातो बन्दा,के.जी.,35.0,40.0,37.5
2026-05-24,रायो साग,के.जी.,60.0,70.0,65.0
2026-05-24,लसुन सुकेको चाइनिज,के.जी.,170.0,190.0,180.0
2026-05-24,लसुन सुकेको नेपाली,के.जी.,90.0,120.0,105.0
2026-05-24,लसुन हरियो,के.जी.,180.0,200.0,185.5
2026-05-24,लौका,के.जी.,25.0,35.0,30.0
2026-05-24,सखरखण्ड,के.जी.,60.0,70.0,65.0
2026-05-24,सजिवन,के.जी.,100.0,120.0,110.0
2026-05-24,सिताके च्याउ,के.जी.,800.0,1000.0,900.0
2026-05-24,सेतो मूला(हाइब्रीड),केजी,15.0,30.0,21.25
2026-05-24,सेलरी,के.जी.,120.0,140.0,130.0
2026-05-24,सौफको साग,के.जी.,100.0,120.0,110.0
2026-05-24,हरियो धनिया,के.जी.,50.0,80.0,70.0
2026-05-24,हरियो फर्सी(डल्लो),केजी,20.0,30.0,25.0
